detector,sample_index,chunk_index,drift_type,error_rate
DDM,204,1,warning,0.01
DDM,205,1,warning,0.01
DDM,206,1,warning,0.01
DDM,207,1,warning,0.01
DDM,208,1,warning,0.01
DDM,209,1,warning,0.01
DDM,210,1,warning,0.01
DDM,211,1,warning,0.01
DDM,212,1,warning,0.01
DDM,213,1,warning,0.01
DDM,214,1,warning,0.01
DDM,215,1,warning,0.01
DDM,216,1,warning,0.01
DDM,217,1,warning,0.01
DDM,218,1,warning,0.01
DDM,219,1,warning,0.01
DDM,220,1,warning,0.01
DDM,221,1,warning,0.01
DDM,222,1,warning,0.01
DDM,223,1,warning,0.01
DDM,224,1,warning,0.01
DDM,225,1,warning,0.01
DDM,226,1,warning,0.01
DDM,227,1,warning,0.01
DDM,228,1,warning,0.01
DDM,229,1,warning,0.01
DDM,230,1,warning,0.01
DDM,231,1,warning,0.01
DDM,449,2,warning,0.02
DDM,450,2,warning,0.02
DDM,451,2,warning,0.02
DDM,452,2,warning,0.02
DDM,453,2,warning,0.02
DDM,454,2,warning,0.02
DDM,455,2,warning,0.02
DDM,456,2,warning,0.02
DDM,457,2,warning,0.02
DDM,458,2,warning,0.02
DDM,459,2,warning,0.02
DDM,460,2,warning,0.02
DDM,461,2,warning,0.02
DDM,462,2,warning,0.02
DDM,463,2,warning,0.02
DDM,464,2,warning,0.02
DDM,465,2,warning,0.02
DDM,466,2,warning,0.02
DDM,467,2,warning,0.02
DDM,468,2,warning,0.02
DDM,469,2,warning,0.02
DDM,470,2,warning,0.02
DDM,471,2,warning,0.02
DDM,472,2,warning,0.02
DDM,473,2,warning,0.02
DDM,474,2,warning,0.02
DDM,475,2,warning,0.02
DDM,476,2,warning,0.02
DDM,477,2,warning,0.02
DDM,478,2,warning,0.02
DDM,479,2,warning,0.02
DDM,480,2,warning,0.02
DDM,481,2,warning,0.02
DDM,482,2,warning,0.02
DDM,483,2,warning,0.02
DDM,484,2,warning,0.02
DDM,485,2,warning,0.02
DDM,486,2,warning,0.02
DDM,487,2,warning,0.02
DDM,488,2,warning,0.02
DDM,489,2,warning,0.02
DDM,490,2,warning,0.02
DDM,491,2,warning,0.02
DDM,492,2,warning,0.02
DDM,493,2,warning,0.02
DDM,494,2,warning,0.02
DDM,495,2,warning,0.02
DDM,496,2,warning,0.02
DDM,497,2,warning,0.02
DDM,498,2,warning,0.02
DDM,499,2,warning,0.02
DDM,500,2,warning,0.02
DDM,501,2,warning,0.02
DDM,502,2,warning,0.02
DDM,503,2,warning,0.02
DDM,504,2,warning,0.02
DDM,505,2,warning,0.02
DDM,506,2,warning,0.02
DDM,507,2,warning,0.02
DDM,508,2,warning,0.02
DDM,509,2,warning,0.02
DDM,510,2,warning,0.02
DDM,511,2,warning,0.02
DDM,512,2,warning,0.02
DDM,513,2,warning,0.02
DDM,514,2,warning,0.02
DDM,515,2,warning,0.02
DDM,516,2,warning,0.02
DDM,517,2,warning,0.02
DDM,518,2,warning,0.02
DDM,519,2,warning,0.02
DDM,520,2,warning,0.02
DDM,521,2,warning,0.02
DDM,522,2,warning,0.01
DDM,523,2,warning,0.01
DDM,583,2,warning,0.01
DDM,584,2,warning,0.01
DDM,585,2,warning,0.01
DDM,586,2,warning,0.01
DDM,587,2,warning,0.01
DDM,588,2,warning,0.01
DDM,589,2,warning,0.01
DDM,590,2,warning,0.01
DDM,591,2,warning,0.01
DDM,592,2,warning,0.01
DDM,593,2,warning,0.01
DDM,594,2,warning,0.01
DDM,595,2,warning,0.01
DDM,596,2,warning,0.01
DDM,597,2,warning,0.01
DDM,598,2,warning,0.01
DDM,599,2,warning,0.02
DDM,600,2,warning,0.02
DDM,601,2,warning,0.02
DDM,602,2,warning,0.02
DDM,603,2,warning,0.02
DDM,604,2,warning,0.02
DDM,605,2,warning,0.02
DDM,606,2,warning,0.02
DDM,607,2,warning,0.02
DDM,608,2,warning,0.02
DDM,609,2,warning,0.02
DDM,610,2,warning,0.02
DDM,611,2,warning,0.02
DDM,612,2,warning,0.02
DDM,613,2,warning,0.02
DDM,614,2,warning,0.02
DDM,615,2,warning,0.02
DDM,616,2,warning,0.02
DDM,617,2,warning,0.02
DDM,618,2,warning,0.02
DDM,619,2,warning,0.02
DDM,620,2,warning,0.02
DDM,621,2,warning,0.02
DDM,622,2,warning,0.02
DDM,623,2,warning,0.02
DDM,624,2,warning,0.02
DDM,625,2,warning,0.02
DDM,626,2,warning,0.02
DDM,627,2,warning,0.02
DDM,628,2,warning,0.02
DDM,629,2,warning,0.02
DDM,630,2,warning,0.02
DDM,631,2,warning,0.02
DDM,632,2,warning,0.02
DDM,633,2,warning,0.02
DDM,634,2,warning,0.02
DDM,635,2,warning,0.02
DDM,636,2,warning,0.02
DDM,637,2,warning,0.02
DDM,638,2,warning,0.02
DDM,639,2,warning,0.02
DDM,640,2,warning,0.02
DDM,641,2,warning,0.02
DDM,642,2,warning,0.02
DDM,643,2,warning,0.02
DDM,644,2,warning,0.02
DDM,645,2,warning,0.02
DDM,646,2,warning,0.02
DDM,647,2,warning,0.02
DDM,648,2,warning,0.02
DDM,649,2,warning,0.02
DDM,650,2,warning,0.02
DDM,651,2,warning,0.02
DDM,652,2,warning,0.02
DDM,653,2,warning,0.02
DDM,654,2,warning,0.02
DDM,655,2,warning,0.02
DDM,656,2,warning,0.02
DDM,657,2,warning,0.02
DDM,658,2,warning,0.02
DDM,659,2,warning,0.02
DDM,660,2,warning,0.02
DDM,661,2,warning,0.02
DDM,662,2,warning,0.02
DDM,663,2,warning,0.02
DDM,664,2,warning,0.02
DDM,665,2,warning,0.02
DDM,666,2,warning,0.02
DDM,667,2,warning,0.02
DDM,668,2,warning,0.02
DDM,669,2,warning,0.02
DDM,670,2,warning,0.02
DDM,671,2,warning,0.02
DDM,672,2,warning,0.02
DDM,673,2,warning,0.02
DDM,674,2,warning,0.02
DDM,675,2,warning,0.02
DDM,676,2,warning,0.02
DDM,677,2,warning,0.02
DDM,678,2,warning,0.02
DDM,679,2,warning,0.02
DDM,680,2,warning,0.02
DDM,681,2,warning,0.02
DDM,682,2,warning,0.02
DDM,683,2,warning,0.01
DDM,684,2,warning,0.01
DDM,685,2,warning,0.01
DDM,686,2,warning,0.01
DDM,687,2,warning,0.01
DDM,688,2,warning,0.01
DDM,689,2,warning,0.01
DDM,690,2,warning,0.01
DDM,691,2,warning,0.01
DDM,692,2,warning,0.01
DDM,693,2,warning,0.01
DDM,694,2,warning,0.01
DDM,695,2,warning,0.01
DDM,696,2,warning,0.01
DDM,697,2,warning,0.01
DDM,698,2,warning,0.01
DDM,699,2,warning,0.0
DDM,700,2,warning,0.0
DDM,701,2,warning,0.0
DDM,702,2,warning,0.0
DDM,703,2,warning,0.0
DDM,704,2,warning,0.0
DDM,705,2,warning,0.0
DDM,706,2,warning,0.0
DDM,707,2,warning,0.0
DDM,708,2,warning,0.0
DDM,709,2,warning,0.0
DDM,710,2,warning,0.0
DDM,711,2,warning,0.0
DDM,712,2,warning,0.0
DDM,713,2,warning,0.0
DDM,714,2,warning,0.0
DDM,715,2,warning,0.0
DDM,716,2,warning,0.0
DDM,717,2,warning,0.0
DDM,718,2,warning,0.0
DDM,719,2,warning,0.0
DDM,720,2,warning,0.0
DDM,721,2,warning,0.0
DDM,722,2,warning,0.0
DDM,723,2,warning,0.0
DDM,724,2,warning,0.0
DDM,725,2,warning,0.0
DDM,726,2,warning,0.0
DDM,727,2,warning,0.0
DDM,728,2,warning,0.0
DDM,729,2,warning,0.0
DDM,730,2,warning,0.0
DDM,731,2,warning,0.0
DDM,732,2,warning,0.01
DDM,733,2,warning,0.01
DDM,734,2,warning,0.01
DDM,735,2,warning,0.01
DDM,736,2,warning,0.01
DDM,737,2,warning,0.01
DDM,738,2,warning,0.01
DDM,739,2,warning,0.01
DDM,740,2,warning,0.01
DDM,741,2,warning,0.01
DDM,742,2,warning,0.01
DDM,743,2,warning,0.01
DDM,744,2,warning,0.01
DDM,745,2,warning,0.01
DDM,746,2,warning,0.01
DDM,747,2,warning,0.01
DDM,748,2,warning,0.01
DDM,749,2,warning,0.01
DDM,750,2,warning,0.01
DDM,751,2,warning,0.01
DDM,752,2,warning,0.02
DDM,753,2,warning,0.02
DDM,754,2,warning,0.02
DDM,755,2,warning,0.02
DDM,756,2,warning,0.02
DDM,757,2,warning,0.02
DDM,758,2,warning,0.02
DDM,759,2,warning,0.02
DDM,760,2,warning,0.02
DDM,761,2,warning,0.02
DDM,762,2,warning,0.02
DDM,763,2,warning,0.02
DDM,764,2,warning,0.02
DDM,765,2,warning,0.02
DDM,766,2,warning,0.02
DDM,767,2,warning,0.02
DDM,768,2,warning,0.02
DDM,769,2,warning,0.02
DDM,770,2,warning,0.02
DDM,771,2,warning,0.02
DDM,772,2,warning,0.02
DDM,773,2,warning,0.02
DDM,774,2,warning,0.02
DDM,775,2,warning,0.02
DDM,776,2,warning,0.02
DDM,777,2,warning,0.02
DDM,778,2,warning,0.02
DDM,779,2,warning,0.02
DDM,780,2,warning,0.02
DDM,781,2,warning,0.02
DDM,782,2,warning,0.02
DDM,783,2,warning,0.02
DDM,784,2,warning,0.02
DDM,785,2,warning,0.02
DDM,786,2,warning,0.02
DDM,787,2,warning,0.02
DDM,788,2,warning,0.02
DDM,789,2,warning,0.02
DDM,790,2,warning,0.02
DDM,791,2,warning,0.02
DDM,792,2,warning,0.02
DDM,793,2,warning,0.02
DDM,794,2,warning,0.02
DDM,795,2,warning,0.02
DDM,796,2,warning,0.02
DDM,797,2,warning,0.02
DDM,798,2,warning,0.02
DDM,799,2,warning,0.02
DDM,800,2,warning,0.02
DDM,801,3,warning,0.02
DDM,802,3,warning,0.02
DDM,803,3,warning,0.02
DDM,804,3,warning,0.02
DDM,805,3,warning,0.02
DDM,806,3,warning,0.02
DDM,807,3,warning,0.02
DDM,808,3,warning,0.02
DDM,809,3,warning,0.02
DDM,810,3,warning,0.02
DDM,811,3,warning,0.02
DDM,812,3,warning,0.02
DDM,813,3,warning,0.02
DDM,814,3,warning,0.02
DDM,815,3,warning,0.02
DDM,816,3,warning,0.02
DDM,817,3,warning,0.02
DDM,818,3,warning,0.02
DDM,819,3,warning,0.02
DDM,820,3,warning,0.02
DDM,821,3,warning,0.02
DDM,822,3,warning,0.02
DDM,823,3,warning,0.02
DDM,824,3,warning,0.02
DDM,825,3,warning,0.02
DDM,826,3,warning,0.02
DDM,827,3,warning,0.02
DDM,828,3,warning,0.02
DDM,829,3,warning,0.02
DDM,830,3,warning,0.02
DDM,831,3,warning,0.02
DDM,832,3,warning,0.01
DDM,833,3,warning,0.01
DDM,834,3,warning,0.01
DDM,835,3,warning,0.01
DDM,836,3,warning,0.01
DDM,837,3,warning,0.01
DDM,838,3,warning,0.01
DDM,839,3,warning,0.01
DDM,840,3,warning,0.01
DDM,841,3,warning,0.01
DDM,842,3,warning,0.01
DDM,843,3,warning,0.01
DDM,844,3,warning,0.01
DDM,845,3,warning,0.01
DDM,846,3,warning,0.01
DDM,847,3,warning,0.01
DDM,848,3,warning,0.01
DDM,849,3,warning,0.01
DDM,850,3,warning,0.01
DDM,851,3,warning,0.01
DDM,852,3,warning,0.0
DDM,853,3,warning,0.0
DDM,854,3,warning,0.0
DDM,855,3,warning,0.0
DDM,856,3,warning,0.0
DDM,857,3,warning,0.0
DDM,858,3,warning,0.0
DDM,859,3,warning,0.0
DDM,860,3,warning,0.0
DDM,861,3,warning,0.0
DDM,862,3,warning,0.0
DDM,863,3,warning,0.0
DDM,864,3,warning,0.0
DDM,865,3,warning,0.0
DDM,866,3,warning,0.0
DDM,867,3,warning,0.0
DDM,868,3,warning,0.0
DDM,869,3,warning,0.0
DDM,870,3,warning,0.0
DDM,871,3,warning,0.0
DDM,872,3,warning,0.0
DDM,873,3,warning,0.0
DDM,874,3,warning,0.0
DDM,875,3,warning,0.0
DDM,876,3,warning,0.0
DDM,877,3,warning,0.0
DDM,878,3,warning,0.0
DDM,879,3,warning,0.0
DDM,880,3,warning,0.0
DDM,881,3,warning,0.0
DDM,882,3,warning,0.0
DDM,883,3,warning,0.0
DDM,884,3,warning,0.0
DDM,885,3,warning,0.0
DDM,886,3,warning,0.0
DDM,887,3,warning,0.0
DDM,888,3,warning,0.0
DDM,889,3,warning,0.0
DDM,890,3,warning,0.0
DDM,891,3,warning,0.0
DDM,892,3,warning,0.0
DDM,893,3,warning,0.0
DDM,894,3,warning,0.0
DDM,895,3,warning,0.0
DDM,896,3,warning,0.0
DDM,897,3,warning,0.0
DDM,898,3,warning,0.0
DDM,899,3,warning,0.0
DDM,900,3,warning,0.0
DDM,901,3,warning,0.0
DDM,902,3,warning,0.0
DDM,903,3,warning,0.01
DDM,904,3,warning,0.01
DDM,905,3,warning,0.01
DDM,906,3,warning,0.01
DDM,907,3,warning,0.01
DDM,908,3,warning,0.01
DDM,909,3,warning,0.01
DDM,910,3,warning,0.01
DDM,911,3,warning,0.01
DDM,912,3,warning,0.01
DDM,913,3,warning,0.01
DDM,914,3,warning,0.01
DDM,915,3,warning,0.01
DDM,916,3,warning,0.01
DDM,917,3,warning,0.01
DDM,918,3,warning,0.01
DDM,919,3,warning,0.01
DDM,920,3,warning,0.01
DDM,921,3,warning,0.01
DDM,922,3,warning,0.01
DDM,923,3,warning,0.01
DDM,924,3,warning,0.01
DDM,925,3,warning,0.01
DDM,926,3,warning,0.01
DDM,927,3,warning,0.01
DDM,928,3,warning,0.01
DDM,929,3,warning,0.01
DDM,930,3,warning,0.01
DDM,931,3,warning,0.01
DDM,932,3,warning,0.01
DDM,933,3,warning,0.01
DDM,934,3,warning,0.01
DDM,935,3,warning,0.01
DDM,936,3,warning,0.01
DDM,937,3,warning,0.01
DDM,938,3,warning,0.01
DDM,939,3,warning,0.01
DDM,940,3,warning,0.01
DDM,941,3,warning,0.01
DDM,942,3,warning,0.01
DDM,943,3,warning,0.01
DDM,944,3,warning,0.01
DDM,945,3,warning,0.01
DDM,946,3,warning,0.01
DDM,947,3,warning,0.01
DDM,948,3,warning,0.01
DDM,949,3,warning,0.01
DDM,950,3,warning,0.01
DDM,951,3,warning,0.01
DDM,952,3,warning,0.01
DDM,953,3,warning,0.01
DDM,954,3,warning,0.01
DDM,955,3,warning,0.01
DDM,956,3,warning,0.01
DDM,957,3,warning,0.01
DDM,958,3,warning,0.01
DDM,959,3,warning,0.01
DDM,960,3,warning,0.01
DDM,961,3,warning,0.01
DDM,962,3,warning,0.01
DDM,963,3,warning,0.01
DDM,964,3,warning,0.01
DDM,965,3,warning,0.01
DDM,966,3,warning,0.01
DDM,967,3,warning,0.01
DDM,968,3,warning,0.01
DDM,969,3,warning,0.01
DDM,970,3,warning,0.01
DDM,971,3,warning,0.01
DDM,972,3,warning,0.01
DDM,973,3,warning,0.01
DDM,974,3,warning,0.01
DDM,975,3,warning,0.01
DDM,976,3,warning,0.01
DDM,977,3,warning,0.01
DDM,978,3,warning,0.01
DDM,979,3,warning,0.01
DDM,980,3,warning,0.01
DDM,981,3,warning,0.01
DDM,982,3,warning,0.01
DDM,983,3,warning,0.01
DDM,984,3,warning,0.01
DDM,985,3,warning,0.01
DDM,986,3,warning,0.01
DDM,987,3,warning,0.01
DDM,988,3,warning,0.01
DDM,989,3,warning,0.01
DDM,990,3,warning,0.01
DDM,991,3,warning,0.01
DDM,992,3,warning,0.01
DDM,993,3,warning,0.01
DDM,994,3,warning,0.01
DDM,995,3,warning,0.01
DDM,996,3,warning,0.01
DDM,997,3,warning,0.01
DDM,998,3,warning,0.01
DDM,999,3,warning,0.01
DDM,1000,3,warning,0.01
DDM,1001,3,warning,0.01
DDM,1002,3,warning,0.01
DDM,1003,3,warning,0.0
DDM,1004,3,warning,0.0
DDM,1005,3,warning,0.0
DDM,1006,3,warning,0.0
DDM,1007,3,warning,0.0
DDM,1008,3,warning,0.0
DDM,1009,3,warning,0.0
DDM,1010,3,warning,0.0
DDM,1011,3,warning,0.0
DDM,1012,3,warning,0.0
DDM,1013,3,warning,0.0
DDM,1014,3,warning,0.0
DDM,1015,3,warning,0.0
DDM,1016,3,warning,0.0
DDM,1017,3,warning,0.0
DDM,1018,3,warning,0.0
DDM,1019,3,warning,0.0
DDM,1020,3,warning,0.0
DDM,1021,3,warning,0.0
DDM,1022,3,warning,0.0
DDM,1023,3,warning,0.0
DDM,1024,3,warning,0.0
DDM,1025,3,warning,0.0
DDM,1026,3,warning,0.0
DDM,1027,3,warning,0.0
DDM,1028,3,warning,0.0
DDM,1029,3,warning,0.0
DDM,1030,3,warning,0.0
DDM,1031,3,warning,0.0
DDM,1032,3,warning,0.0
DDM,1033,3,warning,0.0
DDM,1034,3,warning,0.0
DDM,1035,3,warning,0.0
DDM,1036,3,warning,0.0
DDM,1037,3,warning,0.0
DDM,1038,3,warning,0.0
DDM,1039,3,warning,0.0
DDM,1040,3,warning,0.0
DDM,1041,3,warning,0.0
DDM,1042,3,warning,0.0
DDM,1043,3,warning,0.0
DDM,1044,3,warning,0.0
DDM,1045,3,warning,0.0
DDM,1046,3,warning,0.0
DDM,1047,3,warning,0.0
DDM,1048,3,warning,0.0
DDM,15116,38,warning,0.07
DDM,15117,38,warning,0.07
DDM,15118,38,warning,0.07
DDM,15119,38,warning,0.06
DDM,15120,38,warning,0.06
DDM,15121,38,warning,0.07
DDM,15122,38,warning,0.07
DDM,15123,38,warning,0.07
DDM,15124,38,warning,0.07
DDM,15125,38,warning,0.07
DDM,15126,38,warning,0.07
DDM,15127,38,warning,0.07
DDM,15128,38,warning,0.07
DDM,15129,38,warning,0.07
DDM,15130,38,warning,0.07
DDM,15131,38,warning,0.07
DDM,15132,38,warning,0.07
DDM,15133,38,warning,0.07
DDM,15134,38,warning,0.07
DDM,15135,38,warning,0.07
DDM,15136,38,warning,0.07
DDM,15137,38,warning,0.07
DDM,15138,38,warning,0.07
DDM,15139,38,warning,0.07
DDM,15140,38,warning,0.07
DDM,15141,38,warning,0.07
DDM,15142,38,warning,0.07
DDM,15143,38,warning,0.07
DDM,15144,38,warning,0.07
DDM,15145,38,warning,0.07
DDM,15146,38,warning,0.07
DDM,15147,38,warning,0.07
DDM,15148,38,warning,0.07
DDM,15149,38,warning,0.06
DDM,15150,38,warning,0.06
DDM,15151,38,warning,0.06
DDM,15152,38,warning,0.06
DDM,15153,38,warning,0.06
DDM,15154,38,warning,0.06
DDM,15155,38,warning,0.06
DDM,15156,38,warning,0.07
DDM,15157,38,warning,0.07
DDM,15158,38,warning,0.07
DDM,15159,38,warning,0.07
DDM,15160,38,warning,0.07
DDM,15161,38,warning,0.08
DDM,15162,38,warning,0.08
DDM,15163,38,warning,0.08
DDM,15164,38,warning,0.08
DDM,15165,38,warning,0.09
DDM,15166,38,warning,0.09
DDM,15167,38,warning,0.08
DDM,15168,38,warning,0.08
DDM,15169,38,warning,0.08
DDM,15170,38,warning,0.08
DDM,15171,38,warning,0.08
DDM,15172,38,warning,0.08
DDM,15173,38,warning,0.08
DDM,15174,38,warning,0.08
DDM,15175,38,warning,0.08
DDM,15176,38,warning,0.08
DDM,15177,38,warning,0.08
DDM,15178,38,warning,0.08
DDM,15179,38,warning,0.09
DDM,15180,38,warning,0.09
DDM,15181,38,warning,0.09
DDM,15182,38,drift,0.1
DDM,15260,39,warning,0.07
DDM,15261,39,warning,0.06
DDM,15262,39,warning,0.06
DDM,15263,39,warning,0.06
DDM,15264,39,warning,0.06
DDM,15265,39,warning,0.05
DDM,15266,39,warning,0.05
DDM,15267,39,warning,0.05
DDM,15277,39,warning,0.06
DDM,15278,39,warning,0.06
DDM,15279,39,warning,0.05
DDM,15280,39,warning,0.05
DDM,15281,39,warning,0.05
DDM,15282,39,warning,0.04
DDM,15283,39,warning,0.04
DDM,15284,39,warning,0.04
DDM,15285,39,warning,0.04
DDM,15286,39,warning,0.04
DDM,15287,39,warning,0.04
DDM,15288,39,warning,0.04
DDM,15289,39,warning,0.05
DDM,15290,39,warning,0.05
DDM,15291,39,warning,0.05
DDM,15292,39,warning,0.05
DDM,15293,39,warning,0.05
DDM,15294,39,warning,0.05
DDM,15295,39,warning,0.04
DDM,15296,39,warning,0.04
DDM,15297,39,warning,0.03
DDM,15298,39,warning,0.03
DDM,15299,39,warning,0.03
DDM,15300,39,warning,0.03
DDM,15301,39,warning,0.03
DDM,15302,39,warning,0.03
DDM,15303,39,warning,0.03
DDM,15304,39,warning,0.03
DDM,15305,39,warning,0.03
DDM,15306,39,warning,0.03
DDM,15307,39,warning,0.03
DDM,15308,39,warning,0.03
DDM,15309,39,warning,0.03
DDM,15310,39,warning,0.03
DDM,15311,39,warning,0.03
DDM,15312,39,warning,0.03
DDM,15313,39,warning,0.03
DDM,15314,39,warning,0.03
DDM,15315,39,warning,0.03
DDM,15316,39,warning,0.03
DDM,15317,39,warning,0.03
DDM,15318,39,warning,0.04
DDM,15319,39,warning,0.04
DDM,15320,39,warning,0.04
DDM,15321,39,warning,0.04
DDM,15322,39,warning,0.04
DDM,15323,39,warning,0.04
DDM,15324,39,warning,0.04
DDM,15325,39,warning,0.04
DDM,15326,39,warning,0.04
DDM,15327,39,warning,0.04
DDM,15328,39,warning,0.05
DDM,15329,39,drift,0.06
DDM,17371,44,warning,0.02
DDM,17372,44,warning,0.02
DDM,17373,44,warning,0.02
DDM,17374,44,warning,0.02
DDM,17375,44,warning,0.02
DDM,17376,44,warning,0.02
DDM,17377,44,warning,0.02
DDM,17378,44,warning,0.02
DDM,17379,44,warning,0.02
DDM,17380,44,warning,0.02
DDM,17381,44,warning,0.02
DDM,17382,44,warning,0.02
DDM,17383,44,warning,0.02
DDM,17384,44,warning,0.02
DDM,17385,44,warning,0.02
DDM,17386,44,warning,0.02
DDM,17387,44,warning,0.02
DDM,17388,44,warning,0.02
DDM,17389,44,warning,0.02
DDM,17390,44,warning,0.02
DDM,17391,44,warning,0.02
DDM,17392,44,warning,0.02
DDM,17393,44,warning,0.02
DDM,17394,44,warning,0.02
DDM,17395,44,warning,0.02
DDM,17396,44,warning,0.02
DDM,17397,44,warning,0.02
DDM,17398,44,warning,0.02
DDM,17399,44,warning,0.02
DDM,17400,44,warning,0.02
DDM,17401,44,warning,0.02
DDM,17402,44,warning,0.02
DDM,17403,44,warning,0.02
DDM,17404,44,warning,0.02
DDM,17405,44,warning,0.02
DDM,17406,44,warning,0.02
DDM,17407,44,warning,0.02
DDM,17408,44,warning,0.02
DDM,17409,44,warning,0.02
DDM,17410,44,warning,0.02
DDM,17411,44,warning,0.02
DDM,17412,44,warning,0.02
DDM,17413,44,warning,0.02
DDM,17414,44,warning,0.02
DDM,17415,44,warning,0.03
DDM,17416,44,warning,0.03
DDM,17417,44,warning,0.03
DDM,17418,44,warning,0.03
DDM,17419,44,warning,0.03
DDM,17420,44,warning,0.03
DDM,17421,44,warning,0.03
DDM,17422,44,warning,0.03
DDM,17423,44,warning,0.03
DDM,17424,44,warning,0.03
DDM,17425,44,warning,0.03
DDM,17426,44,warning,0.03
DDM,17427,44,warning,0.03
DDM,17428,44,drift,0.04
DDM,22940,58,warning,0.01
DDM,22941,58,warning,0.01
DDM,22942,58,warning,0.01
DDM,22943,58,warning,0.01
DDM,22944,58,warning,0.01
DDM,22945,58,warning,0.01
DDM,22946,58,warning,0.01
DDM,22947,58,warning,0.01
DDM,22948,58,warning,0.01
DDM,22949,58,warning,0.01
DDM,22950,58,warning,0.01
DDM,22951,58,warning,0.01
DDM,22952,58,warning,0.01
DDM,22953,58,warning,0.01
DDM,22954,58,warning,0.02
DDM,22955,58,warning,0.02
DDM,22956,58,warning,0.02
DDM,22957,58,warning,0.02
DDM,22958,58,warning,0.02
DDM,22959,58,warning,0.02
DDM,22960,58,warning,0.02
DDM,22961,58,warning,0.02
DDM,22962,58,warning,0.02
DDM,22963,58,warning,0.02
DDM,22964,58,warning,0.02
DDM,22965,58,warning,0.02
DDM,22966,58,warning,0.02
DDM,22967,58,warning,0.02
DDM,22968,58,warning,0.02
DDM,22969,58,warning,0.02
DDM,22970,58,warning,0.02
DDM,22971,58,warning,0.02
DDM,22972,58,warning,0.02
DDM,22973,58,warning,0.02
DDM,22974,58,warning,0.02
DDM,22975,58,warning,0.02
DDM,22976,58,warning,0.02
DDM,22977,58,warning,0.02
DDM,22978,58,warning,0.02
DDM,22979,58,warning,0.02
DDM,22980,58,warning,0.02
DDM,22981,58,warning,0.02
DDM,22982,58,warning,0.02
DDM,22983,58,warning,0.02
DDM,22984,58,warning,0.02
DDM,22985,58,warning,0.02
DDM,22986,58,warning,0.02
DDM,22987,58,warning,0.02
DDM,22988,58,warning,0.02
DDM,22989,58,warning,0.02
DDM,22990,58,warning,0.02
DDM,22991,58,warning,0.02
DDM,22992,58,warning,0.02
DDM,22993,58,warning,0.02
DDM,22994,58,warning,0.02
DDM,22995,58,warning,0.02
DDM,22996,58,warning,0.02
DDM,22997,58,warning,0.02
DDM,22998,58,warning,0.02
DDM,22999,58,warning,0.02
DDM,23000,58,warning,0.02
DDM,23001,58,warning,0.02
DDM,23002,58,warning,0.02
DDM,23003,58,warning,0.02
DDM,23004,58,warning,0.02
DDM,23005,58,warning,0.02
DDM,23006,58,warning,0.02
DDM,23007,58,warning,0.02
DDM,23008,58,warning,0.02
DDM,23009,58,warning,0.02
DDM,23010,58,warning,0.02
DDM,23011,58,warning,0.02
DDM,23012,58,warning,0.02
DDM,23013,58,warning,0.02
DDM,23014,58,warning,0.02
DDM,23015,58,warning,0.02
DDM,23016,58,warning,0.02
DDM,23017,58,warning,0.02
DDM,23018,58,warning,0.02
DDM,23019,58,warning,0.02
DDM,23020,58,warning,0.02
DDM,23021,58,warning,0.02
DDM,23022,58,warning,0.02
DDM,23023,58,warning,0.02
DDM,23024,58,warning,0.02
DDM,23025,58,warning,0.02
DDM,23026,58,warning,0.02
DDM,23027,58,warning,0.02
DDM,23028,58,warning,0.02
DDM,23029,58,warning,0.02
DDM,23030,58,warning,0.02
DDM,23031,58,warning,0.02
DDM,23032,58,warning,0.02
DDM,23033,58,warning,0.02
DDM,23034,58,warning,0.02
DDM,23035,58,warning,0.02
DDM,23036,58,warning,0.02
DDM,23037,58,warning,0.02
DDM,23038,58,warning,0.02
DDM,23039,58,warning,0.02
DDM,23040,58,warning,0.01
DDM,23041,58,warning,0.01
DDM,23042,58,warning,0.01
DDM,23043,58,warning,0.01
DDM,23044,58,warning,0.01
DDM,23045,58,warning,0.01
DDM,23046,58,warning,0.01
DDM,23047,58,warning,0.01
DDM,23048,58,warning,0.01
DDM,23049,58,warning,0.01
DDM,23050,58,warning,0.01
DDM,23051,58,warning,0.01
DDM,23052,58,warning,0.01
DDM,23053,58,warning,0.01
DDM,23054,58,warning,0.0
DDM,23055,58,warning,0.0
DDM,23056,58,warning,0.0
DDM,23057,58,warning,0.0
DDM,23058,58,warning,0.0
DDM,23059,58,warning,0.0
DDM,23060,58,warning,0.0
DDM,23061,58,warning,0.0
DDM,23062,58,warning,0.0
DDM,23063,58,warning,0.0
DDM,23064,58,warning,0.0
DDM,23065,58,warning,0.0
DDM,23066,58,warning,0.0
DDM,23067,58,warning,0.0
DDM,23068,58,warning,0.0
DDM,23069,58,warning,0.0
DDM,23070,58,warning,0.0
DDM,23071,58,warning,0.0
DDM,23072,58,warning,0.0
DDM,23073,58,warning,0.0
DDM,23074,58,warning,0.0
DDM,23075,58,warning,0.0
DDM,23076,58,warning,0.0
DDM,23077,58,warning,0.0
DDM,23078,58,warning,0.0
DDM,23079,58,warning,0.0
DDM,23080,58,warning,0.0
DDM,23081,58,warning,0.0
DDM,23082,58,warning,0.0
DDM,23083,58,warning,0.0
DDM,23084,58,warning,0.0
DDM,23085,58,warning,0.0
DDM,23086,58,warning,0.0
DDM,23087,58,warning,0.0
DDM,23088,58,warning,0.0
DDM,23089,58,warning,0.0
DDM,23090,58,warning,0.0
DDM,23091,58,warning,0.0
DDM,23092,58,warning,0.0
DDM,23093,58,warning,0.0
DDM,23094,58,warning,0.0
DDM,23095,58,warning,0.0
DDM,23096,58,warning,0.0
DDM,23097,58,warning,0.0
DDM,23098,58,warning,0.0
DDM,23099,58,warning,0.0
DDM,23100,58,warning,0.0
DDM,23101,58,warning,0.0
DDM,23102,58,warning,0.0
DDM,23103,58,warning,0.0
DDM,23104,58,warning,0.0
DDM,23105,58,warning,0.0
DDM,23106,58,warning,0.0
DDM,23107,58,warning,0.0
DDM,23108,58,warning,0.0
DDM,23109,58,warning,0.0
DDM,23110,58,warning,0.0
DDM,23111,58,warning,0.0
DDM,23112,58,warning,0.0
DDM,23113,58,warning,0.0
DDM,23114,58,warning,0.0
DDM,23115,58,warning,0.0
DDM,23116,58,warning,0.0
DDM,23117,58,warning,0.0
DDM,23118,58,warning,0.0
DDM,23119,58,warning,0.0
DDM,23120,58,warning,0.0
DDM,23121,58,warning,0.0
DDM,23122,58,warning,0.0
DDM,23123,58,warning,0.0
DDM,23124,58,warning,0.0
DDM,23125,58,warning,0.0
DDM,23126,58,warning,0.0
DDM,23127,58,warning,0.0
DDM,23128,58,warning,0.0
DDM,23129,58,warning,0.0
DDM,23130,58,warning,0.0
DDM,23131,58,warning,0.0
DDM,23132,58,warning,0.0
DDM,23133,58,warning,0.0
DDM,23134,58,warning,0.0
DDM,23135,58,warning,0.0
DDM,23136,58,warning,0.0
DDM,23137,58,warning,0.0
DDM,23138,58,warning,0.0
DDM,23139,58,warning,0.0
DDM,23140,58,warning,0.0
DDM,23141,58,warning,0.0
DDM,23142,58,warning,0.0
DDM,23143,58,warning,0.0
DDM,23144,58,warning,0.0
DDM,23145,58,warning,0.0
DDM,23146,58,warning,0.0
DDM,23147,58,warning,0.0
DDM,23148,58,warning,0.0
DDM,23149,58,warning,0.0
DDM,23150,58,warning,0.0
DDM,23151,58,warning,0.0
DDM,23152,58,warning,0.0
DDM,23153,58,warning,0.0
DDM,23154,58,warning,0.0
DDM,23155,58,warning,0.0
DDM,23156,58,warning,0.0
DDM,23157,58,warning,0.0
DDM,23158,58,warning,0.0
DDM,23159,58,warning,0.0
DDM,23160,58,warning,0.0
DDM,23161,58,warning,0.0
DDM,23162,58,warning,0.0
DDM,23163,58,warning,0.0
DDM,23164,58,warning,0.0
DDM,23165,58,warning,0.0
DDM,23166,58,warning,0.0
DDM,23167,58,warning,0.0
DDM,23168,58,warning,0.0
DDM,23169,58,warning,0.0
DDM,23170,58,warning,0.0
DDM,23171,58,warning,0.0
DDM,23172,58,warning,0.0
DDM,23173,58,warning,0.0
DDM,23174,58,warning,0.0
DDM,23175,58,warning,0.0
DDM,23176,58,warning,0.0
DDM,23177,58,warning,0.0
DDM,23178,58,warning,0.0
DDM,23179,58,warning,0.0
DDM,23180,58,warning,0.0
DDM,23181,58,warning,0.0
DDM,23182,58,warning,0.0
DDM,23183,58,warning,0.0
DDM,23184,58,warning,0.0
DDM,23185,58,warning,0.0
DDM,23186,58,warning,0.0
DDM,23187,58,warning,0.0
DDM,23188,58,warning,0.0
DDM,23189,58,warning,0.0
DDM,23190,58,warning,0.0
DDM,23191,58,warning,0.0
DDM,23192,58,warning,0.0
DDM,23193,58,warning,0.0
DDM,23194,58,warning,0.0
DDM,23195,58,warning,0.0
DDM,23196,58,warning,0.0
DDM,23197,58,warning,0.0
DDM,23198,58,warning,0.0
DDM,23199,58,warning,0.0
DDM,23200,58,warning,0.0
DDM,23201,59,warning,0.0
DDM,23202,59,warning,0.0
DDM,23203,59,warning,0.0
DDM,23204,59,warning,0.0
DDM,23205,59,warning,0.0
DDM,23206,59,warning,0.0
DDM,23207,59,warning,0.0
DDM,23208,59,warning,0.0
DDM,23209,59,warning,0.0
DDM,23210,59,warning,0.0
DDM,23211,59,warning,0.0
DDM,23212,59,warning,0.0
DDM,23213,59,warning,0.0
DDM,23214,59,warning,0.0
DDM,23215,59,warning,0.0
DDM,23216,59,warning,0.0
DDM,23217,59,warning,0.0
DDM,23218,59,warning,0.0
DDM,23219,59,warning,0.0
DDM,23220,59,warning,0.0
DDM,23221,59,warning,0.0
DDM,23222,59,warning,0.0
DDM,23223,59,warning,0.0
DDM,23224,59,warning,0.0
DDM,23225,59,warning,0.0
DDM,23226,59,warning,0.0
DDM,23227,59,warning,0.0
DDM,23228,59,warning,0.0
DDM,23229,59,warning,0.0
DDM,23230,59,warning,0.0
DDM,23231,59,warning,0.0
DDM,23232,59,warning,0.0
DDM,23233,59,warning,0.0
DDM,23234,59,warning,0.0
DDM,23235,59,warning,0.0
DDM,23236,59,warning,0.0
DDM,23237,59,warning,0.0
DDM,23238,59,warning,0.0
DDM,23239,59,warning,0.0
DDM,23240,59,warning,0.0
DDM,23241,59,warning,0.0
DDM,23242,59,warning,0.0
DDM,23243,59,warning,0.0
DDM,23244,59,warning,0.0
DDM,23245,59,warning,0.0
DDM,23246,59,warning,0.0
DDM,23247,59,warning,0.0
DDM,23248,59,warning,0.0
DDM,23249,59,warning,0.0
DDM,23250,59,warning,0.0
DDM,23251,59,warning,0.0
DDM,23252,59,warning,0.0
DDM,23253,59,warning,0.0
DDM,23254,59,warning,0.0
DDM,23255,59,warning,0.0
DDM,23256,59,warning,0.0
DDM,23257,59,warning,0.0
DDM,23258,59,warning,0.0
DDM,23259,59,warning,0.0
DDM,23260,59,warning,0.0
DDM,23261,59,warning,0.0
DDM,23262,59,warning,0.0
DDM,23263,59,warning,0.0
DDM,23264,59,warning,0.0
DDM,23265,59,warning,0.0
DDM,23266,59,warning,0.0
DDM,23267,59,warning,0.0
DDM,23268,59,warning,0.0
DDM,23269,59,warning,0.0
DDM,23270,59,warning,0.0
DDM,23271,59,warning,0.0
DDM,23272,59,warning,0.0
DDM,23273,59,warning,0.0
DDM,23274,59,warning,0.0
DDM,23275,59,warning,0.0
DDM,23276,59,warning,0.0
DDM,23277,59,warning,0.0
DDM,23278,59,warning,0.0
DDM,23279,59,warning,0.0
DDM,23280,59,warning,0.0
DDM,23281,59,warning,0.0
DDM,23282,59,warning,0.0
DDM,23283,59,warning,0.0
DDM,23284,59,warning,0.0
DDM,23285,59,warning,0.0
DDM,23286,59,warning,0.0
DDM,23287,59,warning,0.0
DDM,23288,59,warning,0.0
DDM,23289,59,warning,0.0
DDM,23290,59,warning,0.0
DDM,23291,59,warning,0.0
DDM,23292,59,warning,0.0
DDM,23293,59,warning,0.0
DDM,23294,59,warning,0.0
DDM,23295,59,warning,0.0
DDM,23296,59,warning,0.0
DDM,23297,59,warning,0.0
DDM,23298,59,warning,0.0
DDM,23299,59,warning,0.0
DDM,23300,59,warning,0.0
DDM,23301,59,warning,0.0
DDM,23302,59,warning,0.0
DDM,23303,59,warning,0.0
DDM,23304,59,warning,0.0
DDM,23305,59,warning,0.0
DDM,23306,59,warning,0.0
DDM,23307,59,warning,0.0
DDM,23308,59,warning,0.0
DDM,23309,59,warning,0.0
DDM,23310,59,warning,0.0
DDM,23311,59,warning,0.0
DDM,23312,59,warning,0.0
DDM,23313,59,warning,0.0
DDM,23314,59,warning,0.0
DDM,23315,59,warning,0.0
DDM,23316,59,warning,0.0
DDM,23317,59,warning,0.0
DDM,23318,59,warning,0.0
DDM,23319,59,warning,0.0
DDM,23320,59,warning,0.0
DDM,23321,59,warning,0.0
DDM,23322,59,warning,0.0
DDM,23323,59,warning,0.0
DDM,23324,59,warning,0.0
DDM,23325,59,warning,0.0
DDM,23326,59,warning,0.0
DDM,23327,59,warning,0.0
DDM,23328,59,warning,0.0
DDM,23329,59,warning,0.0
DDM,23330,59,warning,0.0
DDM,23331,59,warning,0.0
DDM,23332,59,warning,0.0
DDM,23333,59,warning,0.0
DDM,23334,59,warning,0.0
DDM,23335,59,warning,0.0
DDM,23336,59,warning,0.0
DDM,23337,59,warning,0.0
DDM,23338,59,warning,0.0
DDM,23339,59,warning,0.0
DDM,23340,59,warning,0.0
DDM,23341,59,warning,0.0
DDM,23342,59,warning,0.0
DDM,23343,59,warning,0.0
DDM,23344,59,warning,0.0
DDM,23345,59,warning,0.0
DDM,23346,59,warning,0.0
DDM,23347,59,warning,0.0
DDM,23348,59,warning,0.0
DDM,23349,59,warning,0.0
DDM,23350,59,warning,0.0
DDM,23351,59,warning,0.0
DDM,23352,59,warning,0.0
DDM,23353,59,warning,0.0
DDM,23354,59,warning,0.0
DDM,23355,59,warning,0.0
DDM,23356,59,warning,0.0
DDM,23357,59,warning,0.0
DDM,23358,59,warning,0.0
DDM,23359,59,warning,0.0
DDM,23360,59,warning,0.0
DDM,23361,59,warning,0.0
DDM,23362,59,warning,0.0
DDM,23363,59,warning,0.0
DDM,23364,59,warning,0.0
DDM,23365,59,warning,0.0
DDM,23366,59,warning,0.0
DDM,23367,59,warning,0.0
DDM,23368,59,warning,0.0
DDM,23369,59,warning,0.0
DDM,23370,59,warning,0.0
DDM,23371,59,warning,0.0
DDM,23372,59,warning,0.0
DDM,23373,59,warning,0.0
DDM,23374,59,warning,0.0
DDM,23375,59,warning,0.0
DDM,23376,59,warning,0.0
DDM,23377,59,warning,0.0
DDM,23378,59,warning,0.0
DDM,23379,59,warning,0.0
DDM,23380,59,warning,0.0
DDM,23381,59,warning,0.0
DDM,23382,59,warning,0.0
DDM,23383,59,warning,0.0
DDM,23384,59,warning,0.0
DDM,23385,59,warning,0.0
DDM,23386,59,warning,0.0
DDM,23387,59,warning,0.0
DDM,23388,59,warning,0.0
DDM,23389,59,warning,0.0
DDM,23390,59,warning,0.0
DDM,23391,59,warning,0.0
DDM,23392,59,warning,0.0
DDM,23393,59,warning,0.0
DDM,23394,59,warning,0.0
DDM,23395,59,warning,0.0
DDM,23396,59,warning,0.0
DDM,23397,59,warning,0.0
DDM,23398,59,warning,0.0
DDM,23399,59,warning,0.0
DDM,23400,59,warning,0.0
DDM,23401,59,warning,0.0
DDM,23402,59,warning,0.0
DDM,23403,59,warning,0.0
DDM,23404,59,warning,0.0
DDM,23405,59,warning,0.0
DDM,23406,59,warning,0.0
DDM,23407,59,warning,0.0
DDM,23408,59,warning,0.0
DDM,23409,59,warning,0.0
DDM,23410,59,warning,0.0
DDM,23411,59,warning,0.0
DDM,23412,59,warning,0.0
DDM,23413,59,warning,0.0
DDM,23414,59,warning,0.0
DDM,23415,59,warning,0.0
DDM,23416,59,warning,0.0
DDM,23417,59,warning,0.0
DDM,23418,59,warning,0.0
DDM,23419,59,warning,0.0
DDM,23420,59,warning,0.0
DDM,23421,59,warning,0.0
DDM,23422,59,warning,0.0
DDM,30214,76,warning,0.03
DDM,30215,76,warning,0.03
DDM,30216,76,warning,0.03
DDM,30217,76,warning,0.03
DDM,30218,76,warning,0.03
DDM,30219,76,warning,0.03
DDM,30220,76,warning,0.03
DDM,30221,76,warning,0.03
DDM,30222,76,warning,0.03
DDM,30223,76,warning,0.03
DDM,30224,76,warning,0.03
DDM,30225,76,warning,0.03
DDM,30226,76,warning,0.03
DDM,30227,76,warning,0.03
DDM,30228,76,warning,0.03
DDM,30229,76,warning,0.03
DDM,30230,76,warning,0.03
DDM,30231,76,warning,0.03
DDM,30232,76,warning,0.03
DDM,30233,76,warning,0.03
DDM,30234,76,warning,0.03
DDM,30235,76,warning,0.03
DDM,30236,76,warning,0.03
DDM,30237,76,warning,0.03
DDM,30238,76,warning,0.03
DDM,30239,76,warning,0.03
DDM,30240,76,warning,0.03
DDM,30241,76,warning,0.03
DDM,30242,76,warning,0.03
DDM,30243,76,warning,0.03
DDM,30244,76,warning,0.03
DDM,30245,76,warning,0.03
DDM,30246,76,warning,0.03
DDM,30247,76,warning,0.04
DDM,30248,76,warning,0.04
DDM,30249,76,warning,0.04
DDM,30250,76,warning,0.04
DDM,30251,76,warning,0.04
DDM,30252,76,warning,0.04
DDM,30253,76,warning,0.03
DDM,30254,76,warning,0.03
DDM,30255,76,warning,0.03
DDM,30256,76,warning,0.03
DDM,30257,76,warning,0.03
DDM,30258,76,warning,0.03
DDM,30259,76,warning,0.03
DDM,30260,76,warning,0.03
DDM,30261,76,warning,0.03
DDM,30262,76,warning,0.03
DDM,30263,76,warning,0.03
DDM,30264,76,warning,0.03
DDM,30265,76,warning,0.03
DDM,30266,76,warning,0.03
DDM,30267,76,warning,0.03
DDM,30268,76,warning,0.03
DDM,30269,76,warning,0.03
DDM,30270,76,warning,0.03
DDM,30271,76,warning,0.03
DDM,30272,76,warning,0.03
DDM,30273,76,warning,0.03
DDM,30274,76,warning,0.03
DDM,30275,76,warning,0.03
DDM,30276,76,warning,0.03
DDM,30277,76,warning,0.03
DDM,30278,76,warning,0.03
DDM,30279,76,warning,0.03
DDM,30280,76,warning,0.03
DDM,30281,76,warning,0.03
DDM,30282,76,warning,0.03
DDM,30283,76,warning,0.03
DDM,30284,76,warning,0.03
DDM,30285,76,warning,0.03
DDM,30286,76,warning,0.03
DDM,30287,76,warning,0.03
DDM,30288,76,warning,0.03
DDM,30289,76,warning,0.03
DDM,30290,76,warning,0.03
DDM,30291,76,warning,0.03
DDM,30292,76,warning,0.03
DDM,30293,76,warning,0.03
DDM,30294,76,warning,0.03
DDM,30295,76,warning,0.03
DDM,30296,76,warning,0.04
DDM,30297,76,warning,0.04
DDM,30298,76,warning,0.04
DDM,30299,76,warning,0.04
DDM,30300,76,warning,0.04
DDM,30301,76,warning,0.04
DDM,30302,76,warning,0.04
DDM,30303,76,warning,0.04
DDM,30304,76,warning,0.04
DDM,30305,76,warning,0.04
DDM,30306,76,warning,0.04
DDM,30307,76,warning,0.04
DDM,30308,76,warning,0.04
DDM,30309,76,warning,0.04
DDM,30310,76,warning,0.04
DDM,30311,76,warning,0.04
DDM,30312,76,warning,0.04
DDM,30313,76,warning,0.03
DDM,30314,76,warning,0.02
DDM,30315,76,warning,0.02
DDM,30316,76,warning,0.02
DDM,30317,76,warning,0.02
DDM,30318,76,warning,0.02
DDM,30319,76,warning,0.02
DDM,30320,76,warning,0.02
DDM,30321,76,warning,0.02
DDM,30322,76,warning,0.02
DDM,30323,76,warning,0.02
DDM,30324,76,warning,0.02
DDM,30325,76,warning,0.02
DDM,30326,76,warning,0.02
DDM,30327,76,warning,0.02
DDM,30328,76,warning,0.02
DDM,30329,76,warning,0.02
DDM,30330,76,warning,0.02
DDM,30331,76,warning,0.03
DDM,30332,76,warning,0.03
DDM,30333,76,warning,0.03
DDM,30334,76,warning,0.03
DDM,30335,76,warning,0.03
DDM,30336,76,warning,0.03
DDM,30337,76,warning,0.03
DDM,30338,76,warning,0.03
DDM,30339,76,warning,0.03
DDM,30340,76,warning,0.03
DDM,30341,76,warning,0.03
DDM,30342,76,warning,0.03
DDM,30343,76,warning,0.03
DDM,30344,76,warning,0.03
DDM,30345,76,warning,0.04
DDM,30346,76,warning,0.04
DDM,30347,76,warning,0.03
DDM,30348,76,warning,0.03
DDM,30349,76,warning,0.03
DDM,30350,76,warning,0.03
DDM,30351,76,warning,0.03
DDM,30352,76,warning,0.03
DDM,30353,76,warning,0.03
DDM,30354,76,warning,0.03
DDM,30355,76,warning,0.03
DDM,30356,76,warning,0.03
DDM,30357,76,warning,0.03
DDM,30358,76,warning,0.03
DDM,30359,76,warning,0.03
DDM,30360,76,warning,0.03
DDM,30361,76,warning,0.03
DDM,30362,76,warning,0.03
DDM,30363,76,warning,0.03
DDM,30364,76,warning,0.03
DDM,30365,76,warning,0.03
DDM,30366,76,warning,0.03
DDM,30367,76,warning,0.03
DDM,30368,76,warning,0.03
DDM,30369,76,warning,0.03
DDM,30370,76,warning,0.03
DDM,30371,76,warning,0.03
DDM,30372,76,warning,0.03
DDM,30373,76,warning,0.03
DDM,30374,76,warning,0.03
DDM,30375,76,warning,0.03
DDM,30376,76,warning,0.03
DDM,30377,76,warning,0.03
DDM,30378,76,warning,0.03
DDM,30379,76,warning,0.03
DDM,30380,76,warning,0.03
DDM,30381,76,warning,0.03
DDM,30382,76,warning,0.03
DDM,30383,76,warning,0.03
DDM,30384,76,warning,0.03
DDM,30385,76,warning,0.03
DDM,30386,76,warning,0.03
DDM,30387,76,warning,0.03
DDM,30388,76,warning,0.03
DDM,30389,76,warning,0.03
DDM,30390,76,warning,0.03
DDM,30391,76,warning,0.03
DDM,30392,76,warning,0.03
DDM,30393,76,warning,0.03
DDM,30394,76,warning,0.03
DDM,30395,76,warning,0.03
DDM,30396,76,warning,0.02
DDM,30397,76,warning,0.02
DDM,30398,76,warning,0.02
DDM,30399,76,warning,0.02
DDM,30400,76,warning,0.02
DDM,30401,77,warning,0.02
DDM,30402,77,warning,0.02
DDM,30403,77,warning,0.02
DDM,30404,77,warning,0.02
DDM,30405,77,warning,0.02
DDM,30406,77,warning,0.02
DDM,30407,77,warning,0.02
DDM,30408,77,warning,0.02
DDM,30409,77,warning,0.02
DDM,30410,77,warning,0.02
DDM,30411,77,warning,0.02
DDM,30412,77,warning,0.02
DDM,30413,77,warning,0.02
DDM,30414,77,warning,0.02
DDM,30415,77,warning,0.02
DDM,30416,77,warning,0.02
DDM,30417,77,warning,0.02
DDM,30418,77,warning,0.02
DDM,30419,77,warning,0.02
DDM,30420,77,warning,0.02
DDM,30421,77,warning,0.02
DDM,30422,77,warning,0.02
DDM,30423,77,warning,0.02
DDM,30424,77,warning,0.02
DDM,30425,77,warning,0.02
DDM,30426,77,warning,0.02
DDM,30427,77,warning,0.02
DDM,30428,77,warning,0.02
DDM,30429,77,warning,0.02
DDM,30430,77,warning,0.02
DDM,30431,77,warning,0.01
DDM,30432,77,warning,0.01
DDM,30433,77,warning,0.01
DDM,30434,77,warning,0.01
DDM,30435,77,warning,0.01
DDM,30436,77,warning,0.01
DDM,30437,77,warning,0.01
DDM,30438,77,warning,0.01
DDM,30439,77,warning,0.01
DDM,30440,77,warning,0.01
DDM,30441,77,warning,0.01
DDM,30442,77,warning,0.01
DDM,30443,77,warning,0.01
DDM,30444,77,warning,0.01
DDM,30445,77,warning,0.0
DDM,30446,77,warning,0.0
DDM,30447,77,drift,0.01
DDM,30497,77,warning,0.02
DDM,30498,77,warning,0.02
DDM,30499,77,warning,0.02
DDM,30500,77,warning,0.02
DDM,30501,77,warning,0.02
DDM,30502,77,warning,0.02
DDM,30592,77,warning,0.03
DDM,30593,77,warning,0.03
DDM,30594,77,warning,0.03
DDM,30595,77,warning,0.03
DDM,30596,77,warning,0.03
DDM,30597,77,warning,0.02
DDM,30598,77,warning,0.02
DDM,30599,77,warning,0.02
DDM,30600,77,warning,0.02
DDM,30601,77,warning,0.02
DDM,30602,77,warning,0.02
DDM,30603,77,warning,0.02
DDM,30604,77,warning,0.02
DDM,30605,77,warning,0.02
DDM,30606,77,warning,0.02
DDM,30607,77,warning,0.02
DDM,30608,77,warning,0.02
DDM,30609,77,warning,0.02
DDM,30610,77,warning,0.02
DDM,30611,77,warning,0.02
DDM,30612,77,warning,0.02
DDM,30613,77,warning,0.02
DDM,30614,77,warning,0.02
DDM,30615,77,warning,0.02
DDM,30616,77,warning,0.02
DDM,30617,77,warning,0.02
DDM,30618,77,warning,0.02
DDM,30960,78,warning,0.01
DDM,30961,78,warning,0.01
DDM,30962,78,warning,0.01
DDM,30963,78,warning,0.01
DDM,30964,78,warning,0.01
DDM,30965,78,warning,0.01
DDM,30966,78,warning,0.01
DDM,30967,78,warning,0.01
DDM,30968,78,warning,0.01
DDM,30969,78,warning,0.01
DDM,30970,78,warning,0.01
DDM,30971,78,warning,0.01
DDM,30972,78,warning,0.01
DDM,30973,78,warning,0.01
DDM,30974,78,warning,0.01
DDM,30975,78,warning,0.01
DDM,30976,78,warning,0.01
DDM,30977,78,warning,0.01
DDM,30978,78,warning,0.01
DDM,30979,78,warning,0.01
DDM,30980,78,warning,0.01
DDM,30981,78,warning,0.01
DDM,31006,78,warning,0.02
DDM,31007,78,warning,0.02
DDM,31008,78,warning,0.02
DDM,31009,78,warning,0.02
DDM,31010,78,warning,0.02
DDM,31011,78,warning,0.02
DDM,31012,78,warning,0.02
DDM,31013,78,warning,0.02
DDM,31014,78,warning,0.02
DDM,31015,78,warning,0.02
DDM,31016,78,warning,0.02
DDM,31017,78,warning,0.02
DDM,31018,78,warning,0.02
DDM,31019,78,warning,0.02
DDM,31020,78,warning,0.02
DDM,31021,78,warning,0.02
DDM,31022,78,warning,0.02
DDM,31023,78,warning,0.02
DDM,31024,78,warning,0.02
DDM,31025,78,warning,0.02
DDM,31026,78,warning,0.02
DDM,31027,78,warning,0.02
DDM,31028,78,warning,0.02
DDM,31029,78,warning,0.02
DDM,31030,78,warning,0.02
DDM,31031,78,warning,0.02
DDM,31032,78,warning,0.02
DDM,31033,78,warning,0.02
DDM,31034,78,warning,0.02
DDM,31035,78,warning,0.02
DDM,31036,78,warning,0.02
DDM,31037,78,warning,0.02
DDM,31038,78,warning,0.02
DDM,31039,78,warning,0.02
DDM,31040,78,warning,0.02
DDM,31041,78,warning,0.02
DDM,31042,78,warning,0.02
DDM,31043,78,warning,0.02
DDM,31044,78,warning,0.02
DDM,31045,78,warning,0.02
DDM,31046,78,warning,0.02
DDM,31047,78,warning,0.02
DDM,31048,78,warning,0.02
DDM,31049,78,warning,0.02
DDM,31050,78,warning,0.02
DDM,31051,78,warning,0.02
DDM,31073,78,warning,0.02
DDM,31074,78,warning,0.02
DDM,31075,78,warning,0.02
DDM,31076,78,warning,0.02
DDM,31077,78,warning,0.02
DDM,31078,78,warning,0.02
DDM,31079,78,warning,0.02
DDM,31080,78,warning,0.02
DDM,31081,78,warning,0.02
DDM,31082,78,warning,0.02
DDM,31083,78,warning,0.02
DDM,31084,78,warning,0.02
DDM,31085,78,warning,0.02
DDM,31086,78,warning,0.02
DDM,31087,78,warning,0.02
DDM,31088,78,warning,0.02
DDM,31089,78,warning,0.02
DDM,31090,78,warning,0.02
DDM,31091,78,warning,0.03
DDM,31092,78,warning,0.03
DDM,31093,78,warning,0.03
DDM,31094,78,warning,0.03
DDM,31095,78,warning,0.03
DDM,31096,78,warning,0.03
DDM,31097,78,warning,0.03
DDM,31098,78,warning,0.03
DDM,31099,78,warning,0.03
DDM,31100,78,warning,0.03
DDM,31101,78,warning,0.03
DDM,31102,78,warning,0.03
DDM,31103,78,warning,0.03
DDM,31104,78,warning,0.03
DDM,31105,78,warning,0.03
DDM,31106,78,warning,0.02
DDM,31107,78,warning,0.02
DDM,31108,78,warning,0.02
DDM,31109,78,warning,0.02
DDM,31110,78,warning,0.02
DDM,31111,78,warning,0.02
DDM,31112,78,warning,0.02
DDM,31113,78,warning,0.02
DDM,31114,78,warning,0.02
DDM,31115,78,warning,0.02
DDM,31116,78,warning,0.02
DDM,31117,78,warning,0.02
DDM,31118,78,warning,0.02
DDM,31119,78,warning,0.02
DDM,31120,78,warning,0.02
DDM,31121,78,warning,0.02
DDM,31122,78,warning,0.02
DDM,31123,78,warning,0.02
DDM,31124,78,warning,0.02
DDM,31125,78,warning,0.02
DDM,31126,78,warning,0.02
DDM,31127,78,warning,0.02
DDM,31128,78,drift,0.03
DDM,31172,78,warning,0.04
DDM,31173,78,warning,0.03
DDM,31174,78,warning,0.03
DDM,31175,78,warning,0.03
DDM,31176,78,warning,0.03
DDM,31177,78,warning,0.03
DDM,31658,80,warning,0.02
DDM,31659,80,warning,0.02
DDM,31660,80,warning,0.02
DDM,31661,80,warning,0.02
DDM,31662,80,warning,0.02
DDM,31663,80,warning,0.02
DDM,31664,80,warning,0.02
DDM,31665,80,warning,0.02
DDM,31666,80,warning,0.02
DDM,31667,80,warning,0.02
DDM,31668,80,warning,0.02
DDM,31669,80,warning,0.02
DDM,31670,80,warning,0.02
DDM,31671,80,warning,0.02
DDM,31672,80,warning,0.02
DDM,31673,80,warning,0.02
DDM,31674,80,warning,0.02
DDM,31700,80,warning,0.03
DDM,31701,80,warning,0.03
DDM,31702,80,warning,0.03
DDM,31703,80,warning,0.03
DDM,31704,80,warning,0.03
DDM,31705,80,warning,0.03
DDM,31706,80,warning,0.03
DDM,31707,80,warning,0.03
DDM,31708,80,warning,0.03
DDM,31709,80,warning,0.03
DDM,31710,80,warning,0.03
DDM,31711,80,warning,0.03
DDM,31712,80,warning,0.03
DDM,31713,80,warning,0.03
DDM,31714,80,warning,0.03
DDM,31715,80,warning,0.03
DDM,31716,80,warning,0.03
DDM,31717,80,warning,0.03
DDM,31718,80,warning,0.03
DDM,31719,80,warning,0.03
DDM,31720,80,warning,0.03
DDM,31721,80,warning,0.03
DDM,31722,80,warning,0.03
DDM,31723,80,warning,0.03
DDM,31724,80,warning,0.03
DDM,31725,80,warning,0.03
DDM,31726,80,warning,0.03
DDM,31727,80,warning,0.03
DDM,31728,80,warning,0.03
DDM,31729,80,warning,0.03
DDM,31730,80,warning,0.03
DDM,31731,80,warning,0.03
DDM,31732,80,warning,0.03
DDM,31733,80,warning,0.03
DDM,31734,80,warning,0.03
DDM,31735,80,warning,0.03
DDM,31736,80,warning,0.03
DDM,31737,80,warning,0.03
DDM,31738,80,warning,0.03
DDM,31739,80,warning,0.03
DDM,31740,80,warning,0.03
DDM,31741,80,warning,0.03
DDM,31771,80,warning,0.02
DDM,31772,80,warning,0.02
DDM,31773,80,warning,0.02
DDM,31774,80,warning,0.02
DDM,31775,80,warning,0.02
DDM,31776,80,warning,0.03
DDM,31777,80,warning,0.03
DDM,31778,80,warning,0.03
DDM,31779,80,warning,0.03
DDM,31780,80,warning,0.03
DDM,31781,80,warning,0.03
DDM,31782,80,warning,0.03
DDM,31783,80,warning,0.03
DDM,31784,80,warning,0.03
DDM,31785,80,warning,0.03
DDM,31786,80,warning,0.03
DDM,31787,80,warning,0.03
DDM,31788,80,warning,0.03
DDM,31789,80,warning,0.03
DDM,31790,80,warning,0.03
DDM,31791,80,warning,0.03
DDM,31792,80,warning,0.03
DDM,31793,80,warning,0.03
DDM,31794,80,warning,0.03
DDM,31795,80,warning,0.03
DDM,31796,80,warning,0.03
DDM,31797,80,warning,0.03
DDM,31798,80,warning,0.03
DDM,31799,80,warning,0.03
DDM,31800,80,warning,0.02
DDM,31801,80,warning,0.02
DDM,31802,80,warning,0.02
DDM,31803,80,warning,0.02
DDM,31804,80,warning,0.02
DDM,31805,80,warning,0.02
DDM,31806,80,warning,0.02
DDM,31807,80,warning,0.02
DDM,31808,80,warning,0.02
DDM,31809,80,warning,0.02
DDM,31810,80,warning,0.02
DDM,31811,80,warning,0.02
DDM,31812,80,warning,0.02
DDM,31813,80,warning,0.02
DDM,31814,80,warning,0.02
DDM,31815,80,warning,0.02
DDM,31816,80,warning,0.02
DDM,31817,80,warning,0.02
DDM,31818,80,warning,0.02
DDM,31819,80,warning,0.02
DDM,31820,80,warning,0.02
DDM,31821,80,warning,0.02
DDM,31822,80,warning,0.02
DDM,31823,80,warning,0.02
DDM,31824,80,warning,0.02
DDM,31825,80,warning,0.02
DDM,31826,80,warning,0.02
DDM,31827,80,warning,0.02
DDM,31828,80,warning,0.02
DDM,31829,80,warning,0.02
DDM,31830,80,warning,0.02
DDM,31831,80,warning,0.02
DDM,31832,80,warning,0.02
DDM,31833,80,warning,0.02
DDM,31834,80,warning,0.02
DDM,31835,80,warning,0.02
DDM,31836,80,warning,0.02
DDM,31837,80,warning,0.02
DDM,31838,80,warning,0.02
DDM,31839,80,warning,0.02
DDM,31840,80,warning,0.02
DDM,31841,80,warning,0.02
DDM,31842,80,warning,0.02
DDM,31843,80,warning,0.02
DDM,31844,80,warning,0.02
DDM,31845,80,warning,0.02
DDM,31846,80,warning,0.02
DDM,31847,80,warning,0.02
DDM,31848,80,warning,0.02
DDM,31849,80,warning,0.02
DDM,31850,80,warning,0.02
DDM,31851,80,warning,0.02
DDM,31852,80,warning,0.02
DDM,31853,80,warning,0.02
DDM,31854,80,warning,0.02
DDM,31855,80,warning,0.02
DDM,31856,80,warning,0.02
DDM,31857,80,warning,0.02
DDM,31858,80,warning,0.02
DDM,31859,80,warning,0.02
DDM,31860,80,warning,0.02
DDM,31861,80,warning,0.02
DDM,31862,80,warning,0.02
DDM,31863,80,warning,0.02
DDM,31864,80,warning,0.02
DDM,31865,80,warning,0.02
DDM,31866,80,warning,0.02
DDM,31867,80,warning,0.02
DDM,31868,80,warning,0.02
DDM,31869,80,warning,0.02
DDM,31870,80,warning,0.02
DDM,31871,80,warning,0.01
DDM,31872,80,warning,0.01
DDM,31873,80,warning,0.01
DDM,31874,80,warning,0.01
DDM,31922,80,warning,0.01
DDM,31923,80,warning,0.01
DDM,31924,80,warning,0.01
DDM,31925,80,warning,0.01
DDM,31926,80,warning,0.01
DDM,31927,80,warning,0.01
DDM,31928,80,warning,0.01
DDM,31929,80,warning,0.01
DDM,31930,80,warning,0.01
DDM,31931,80,warning,0.01
DDM,31932,80,warning,0.01
DDM,31933,80,warning,0.02
DDM,31934,80,warning,0.02
DDM,31935,80,warning,0.02
DDM,31936,80,warning,0.02
DDM,31937,80,warning,0.02
DDM,31938,80,warning,0.02
DDM,31939,80,warning,0.02
DDM,31940,80,warning,0.02
DDM,31941,80,warning,0.02
DDM,31942,80,warning,0.02
DDM,31943,80,warning,0.02
DDM,31944,80,warning,0.02
DDM,31945,80,warning,0.02
DDM,31946,80,warning,0.02
DDM,31947,80,warning,0.02
DDM,31948,80,warning,0.02
DDM,31949,80,warning,0.02
DDM,31950,80,warning,0.02
DDM,31951,80,warning,0.02
DDM,31952,80,warning,0.02
DDM,31953,80,warning,0.02
DDM,31954,80,warning,0.02
DDM,31955,80,warning,0.02
DDM,31956,80,warning,0.02
DDM,31957,80,warning,0.02
DDM,31958,80,warning,0.02
DDM,31959,80,warning,0.02
DDM,31960,80,warning,0.02
DDM,31961,80,warning,0.02
DDM,31962,80,warning,0.02
DDM,31963,80,warning,0.02
DDM,31964,80,warning,0.02
DDM,31965,80,warning,0.02
DDM,31966,80,warning,0.02
DDM,31967,80,warning,0.02
DDM,31968,80,warning,0.02
DDM,31969,80,warning,0.02
DDM,31970,80,warning,0.02
DDM,31971,80,warning,0.02
DDM,31972,80,warning,0.02
DDM,31973,80,warning,0.02
DDM,31974,80,warning,0.02
DDM,31975,80,warning,0.02
DDM,31976,80,warning,0.02
DDM,31977,80,warning,0.02
DDM,31978,80,warning,0.02
DDM,31979,80,warning,0.02
DDM,31980,80,warning,0.02
DDM,31981,80,warning,0.02
DDM,31982,80,warning,0.02
DDM,31983,80,warning,0.02
DDM,31984,80,warning,0.02
DDM,31985,80,warning,0.02
DDM,31986,80,warning,0.02
DDM,31987,80,warning,0.02
DDM,31988,80,warning,0.02
DDM,31989,80,warning,0.02
DDM,31990,80,warning,0.02
DDM,31991,80,warning,0.02
DDM,31992,80,warning,0.02
DDM,31993,80,warning,0.02
DDM,31994,80,warning,0.02
DDM,31995,80,warning,0.02
DDM,31996,80,warning,0.02
DDM,31997,80,warning,0.02
DDM,31998,80,warning,0.02
DDM,31999,80,warning,0.02
DDM,32000,80,warning,0.02
DDM,32001,81,warning,0.02
DDM,32002,81,warning,0.02
DDM,32003,81,warning,0.02
DDM,32004,81,warning,0.02
DDM,32049,81,warning,0.01
DDM,32050,81,warning,0.01
DDM,32051,81,warning,0.01
DDM,32052,81,warning,0.01
DDM,32053,81,warning,0.01
DDM,32054,81,warning,0.01
DDM,32055,81,warning,0.01
DDM,32056,81,warning,0.01
DDM,32057,81,warning,0.01
DDM,32058,81,warning,0.01
DDM,32059,81,warning,0.01
DDM,32060,81,warning,0.01
DDM,32061,81,warning,0.01
DDM,32062,81,warning,0.01
DDM,32063,81,warning,0.01
DDM,32064,81,warning,0.01
DDM,32065,81,warning,0.01
DDM,32066,81,warning,0.01
DDM,32067,81,warning,0.01
DDM,32068,81,warning,0.01
DDM,32069,81,warning,0.01
DDM,32100,81,warning,0.02
DDM,32101,81,warning,0.02
DDM,32102,81,warning,0.02
DDM,32103,81,warning,0.02
DDM,32104,81,warning,0.02
DDM,32105,81,warning,0.02
DDM,32106,81,warning,0.02
DDM,32107,81,warning,0.02
DDM,32108,81,warning,0.02
DDM,32109,81,warning,0.02
DDM,32110,81,warning,0.02
DDM,32111,81,warning,0.02
DDM,32112,81,warning,0.02
DDM,32113,81,warning,0.02
DDM,32114,81,warning,0.02
DDM,32115,81,warning,0.03
DDM,32116,81,warning,0.03
DDM,32117,81,warning,0.03
DDM,32118,81,warning,0.03
DDM,32119,81,warning,0.03
DDM,32120,81,warning,0.03
DDM,32121,81,warning,0.03
DDM,32122,81,warning,0.03
DDM,32123,81,warning,0.03
DDM,32124,81,warning,0.03
DDM,32125,81,warning,0.03
DDM,32126,81,warning,0.03
DDM,32127,81,warning,0.03
DDM,32128,81,warning,0.03
DDM,32129,81,warning,0.03
DDM,32130,81,warning,0.03
DDM,32131,81,warning,0.03
DDM,32132,81,warning,0.03
DDM,32133,81,warning,0.03
DDM,32134,81,warning,0.03
DDM,32135,81,warning,0.03
DDM,32136,81,warning,0.03
DDM,32137,81,warning,0.03
DDM,32138,81,warning,0.03
DDM,32139,81,warning,0.03
DDM,32140,81,warning,0.03
DDM,32141,81,warning,0.03
DDM,32142,81,warning,0.03
DDM,32143,81,warning,0.03
DDM,32144,81,warning,0.03
DDM,32145,81,warning,0.03
DDM,32146,81,warning,0.03
DDM,32147,81,warning,0.03
DDM,32148,81,warning,0.03
DDM,32149,81,warning,0.02
DDM,32150,81,warning,0.02
DDM,32151,81,warning,0.02
DDM,32152,81,warning,0.02
DDM,32153,81,warning,0.02
DDM,32154,81,warning,0.02
DDM,32155,81,warning,0.02
DDM,32156,81,warning,0.02
DDM,32157,81,warning,0.02
DDM,32158,81,warning,0.03
DDM,32159,81,warning,0.03
DDM,32160,81,warning,0.03
DDM,32161,81,warning,0.04
DDM,32162,81,warning,0.04
DDM,32163,81,warning,0.04
DDM,32164,81,warning,0.04
DDM,32165,81,warning,0.04
DDM,32166,81,warning,0.04
DDM,32167,81,warning,0.04
DDM,32168,81,warning,0.04
DDM,32169,81,warning,0.04
DDM,32170,81,warning,0.04
DDM,32171,81,warning,0.04
DDM,32172,81,warning,0.04
DDM,32173,81,warning,0.04
DDM,32174,81,warning,0.04
DDM,32175,81,warning,0.04
DDM,32176,81,warning,0.04
DDM,32177,81,warning,0.04
DDM,32178,81,warning,0.04
DDM,32179,81,warning,0.04
DDM,32180,81,warning,0.04
DDM,32181,81,warning,0.04
DDM,32182,81,warning,0.04
DDM,32183,81,warning,0.04
DDM,32184,81,warning,0.04
DDM,32185,81,warning,0.04
DDM,32186,81,warning,0.04
DDM,32187,81,warning,0.04
DDM,32188,81,warning,0.04
DDM,32189,81,warning,0.04
DDM,32190,81,warning,0.04
DDM,32191,81,warning,0.04
DDM,32192,81,warning,0.04
DDM,32193,81,warning,0.04
DDM,32194,81,warning,0.04
DDM,32195,81,warning,0.04
DDM,32196,81,warning,0.04
DDM,32197,81,warning,0.04
DDM,32198,81,warning,0.04
DDM,32199,81,warning,0.04
DDM,32200,81,warning,0.03
DDM,32201,81,warning,0.03
DDM,32202,81,warning,0.03
DDM,32203,81,warning,0.03
DDM,32204,81,warning,0.03
DDM,32205,81,warning,0.03
DDM,32206,81,warning,0.03
DDM,32207,81,warning,0.03
DDM,32208,81,warning,0.03
DDM,32209,81,warning,0.03
DDM,32210,81,warning,0.03
DDM,32211,81,warning,0.03
DDM,32212,81,warning,0.03
DDM,32213,81,warning,0.03
DDM,32214,81,warning,0.03
DDM,32215,81,warning,0.02
DDM,32216,81,warning,0.02
DDM,32217,81,warning,0.02
DDM,32218,81,warning,0.02
DDM,32219,81,warning,0.02
DDM,32220,81,warning,0.02
DDM,32221,81,warning,0.02
DDM,32222,81,warning,0.02
DDM,32223,81,warning,0.02
DDM,32224,81,warning,0.02
DDM,32225,81,warning,0.02
DDM,32226,81,warning,0.02
DDM,32227,81,warning,0.02
DDM,32228,81,warning,0.02
DDM,32229,81,warning,0.02
DDM,32230,81,warning,0.02
DDM,32231,81,warning,0.02
DDM,32232,81,warning,0.02
DDM,32233,81,warning,0.02
DDM,32234,81,warning,0.02
DDM,32235,81,warning,0.02
DDM,32236,81,warning,0.02
DDM,32237,81,warning,0.02
DDM,32238,81,warning,0.02
DDM,32239,81,warning,0.02
DDM,32240,81,warning,0.03
DDM,32241,81,warning,0.03
DDM,32242,81,warning,0.03
DDM,32243,81,warning,0.03
DDM,32244,81,warning,0.03
DDM,32245,81,warning,0.03
DDM,32246,81,warning,0.03
DDM,32247,81,warning,0.03
DDM,32248,81,warning,0.03
DDM,32249,81,warning,0.03
DDM,32250,81,warning,0.03
DDM,32251,81,warning,0.03
DDM,32252,81,warning,0.03
DDM,32253,81,warning,0.03
DDM,32254,81,warning,0.03
DDM,32255,81,warning,0.03
DDM,32256,81,warning,0.03
DDM,32257,81,warning,0.03
DDM,32258,81,warning,0.03
DDM,32259,81,warning,0.03
DDM,32260,81,warning,0.03
DDM,32261,81,warning,0.02
DDM,32262,81,warning,0.02
DDM,32263,81,warning,0.02
DDM,32264,81,warning,0.02
DDM,32265,81,warning,0.02
DDM,32266,81,warning,0.02
DDM,32267,81,warning,0.02
DDM,32268,81,warning,0.02
DDM,32269,81,warning,0.02
DDM,32270,81,warning,0.02
DDM,32271,81,warning,0.02
DDM,32272,81,warning,0.02
DDM,32273,81,warning,0.02
DDM,32274,81,warning,0.02
DDM,32275,81,warning,0.02
DDM,32276,81,warning,0.02
DDM,32277,81,warning,0.02
DDM,32278,81,warning,0.02
DDM,32279,81,warning,0.02
DDM,32280,81,warning,0.02
DDM,32281,81,warning,0.02
DDM,32282,81,warning,0.02
DDM,32283,81,warning,0.02
DDM,32284,81,warning,0.02
DDM,32285,81,warning,0.02
DDM,32286,81,warning,0.02
DDM,32287,81,warning,0.02
DDM,32288,81,warning,0.02
DDM,32289,81,warning,0.02
DDM,32290,81,warning,0.02
DDM,32291,81,warning,0.02
DDM,32292,81,warning,0.02
DDM,32293,81,warning,0.02
DDM,32294,81,warning,0.02
DDM,32295,81,warning,0.02
DDM,32296,81,warning,0.02
DDM,32297,81,warning,0.02
DDM,32298,81,warning,0.02
DDM,32299,81,warning,0.02
DDM,32300,81,warning,0.02
DDM,32301,81,warning,0.02
DDM,32302,81,warning,0.02
DDM,32303,81,warning,0.02
DDM,32304,81,warning,0.02
DDM,32305,81,warning,0.02
DDM,32306,81,warning,0.02
DDM,32307,81,warning,0.02
DDM,32308,81,warning,0.02
DDM,32309,81,warning,0.02
DDM,32310,81,warning,0.02
DDM,32311,81,warning,0.02
DDM,32312,81,warning,0.02
DDM,32313,81,warning,0.02
DDM,32314,81,warning,0.02
DDM,32315,81,warning,0.02
DDM,32316,81,warning,0.03
DDM,32317,81,warning,0.03
DDM,32318,81,warning,0.03
DDM,32319,81,warning,0.03
DDM,32320,81,warning,0.03
DDM,32321,81,warning,0.03
DDM,32322,81,warning,0.03
DDM,32323,81,warning,0.03
DDM,32324,81,warning,0.03
DDM,32325,81,warning,0.03
DDM,32326,81,warning,0.03
DDM,32327,81,warning,0.03
DDM,32328,81,warning,0.03
DDM,32329,81,warning,0.03
DDM,32330,81,warning,0.03
DDM,32331,81,warning,0.03
DDM,32332,81,warning,0.03
DDM,32333,81,warning,0.03
DDM,32334,81,warning,0.03
DDM,32335,81,warning,0.03
DDM,32336,81,warning,0.03
DDM,32337,81,warning,0.03
DDM,32338,81,warning,0.03
DDM,32339,81,warning,0.03
DDM,32340,81,warning,0.02
DDM,32341,81,warning,0.02
DDM,32342,81,warning,0.02
DDM,32343,81,warning,0.02
DDM,32344,81,warning,0.02
DDM,32345,81,warning,0.02
DDM,32346,81,warning,0.02
DDM,32347,81,warning,0.02
DDM,32348,81,warning,0.02
DDM,32349,81,warning,0.02
DDM,32350,81,warning,0.02
DDM,32351,81,warning,0.02
DDM,32352,81,warning,0.02
DDM,32353,81,warning,0.02
DDM,32354,81,warning,0.02
DDM,32355,81,warning,0.02
DDM,32356,81,warning,0.02
DDM,32357,81,warning,0.02
DDM,32358,81,warning,0.01
DDM,32359,81,warning,0.01
DDM,32360,81,warning,0.01
DDM,32361,81,warning,0.01
DDM,32362,81,warning,0.01
DDM,32363,81,warning,0.01
DDM,32364,81,warning,0.01
DDM,32365,81,warning,0.01
DDM,32366,81,warning,0.01
DDM,32367,81,warning,0.01
DDM,32368,81,warning,0.01
DDM,32369,81,warning,0.01
DDM,32370,81,warning,0.01
DDM,32371,81,warning,0.01
DDM,32372,81,warning,0.01
DDM,32373,81,warning,0.01
DDM,32374,81,warning,0.01
DDM,32375,81,warning,0.01
DDM,32376,81,warning,0.01
DDM,32377,81,warning,0.01
DDM,32378,81,warning,0.01
DDM,32379,81,warning,0.01
DDM,32380,81,warning,0.01
DDM,32381,81,warning,0.01
DDM,32382,81,warning,0.01
DDM,32383,81,warning,0.01
DDM,32384,81,warning,0.01
DDM,32385,81,warning,0.01
DDM,32386,81,warning,0.01
DDM,32387,81,warning,0.01
DDM,32388,81,warning,0.01
DDM,32389,81,warning,0.01
DDM,32390,81,warning,0.01
DDM,32391,81,warning,0.01
DDM,32392,81,warning,0.01
DDM,32393,81,warning,0.01
DDM,32394,81,warning,0.01
DDM,32395,81,warning,0.01
DDM,32396,81,warning,0.01
DDM,32397,81,warning,0.01
DDM,32398,81,warning,0.01
DDM,32399,81,warning,0.01
DDM,32400,81,warning,0.01
DDM,32401,82,warning,0.01
DDM,32402,82,warning,0.02
DDM,32403,82,warning,0.02
DDM,32404,82,warning,0.02
DDM,32405,82,warning,0.02
DDM,32406,82,warning,0.02
DDM,32407,82,warning,0.02
DDM,32408,82,warning,0.02
DDM,32409,82,warning,0.02
DDM,32410,82,warning,0.02
DDM,32411,82,warning,0.02
DDM,32412,82,warning,0.02
DDM,32413,82,warning,0.02
DDM,32414,82,warning,0.02
DDM,32415,82,warning,0.02
DDM,32416,82,warning,0.01
DDM,32417,82,warning,0.01
DDM,32418,82,warning,0.01
DDM,32419,82,warning,0.01
DDM,32420,82,warning,0.01
DDM,32421,82,warning,0.01
DDM,32422,82,warning,0.01
DDM,32423,82,warning,0.01
DDM,32424,82,warning,0.01
DDM,32425,82,warning,0.01
DDM,32426,82,warning,0.01
DDM,32427,82,warning,0.01
DDM,32428,82,warning,0.01
DDM,32429,82,warning,0.01
DDM,32430,82,warning,0.01
DDM,32431,82,warning,0.01
DDM,32432,82,warning,0.01
DDM,32433,82,warning,0.01
DDM,32434,82,warning,0.01
DDM,32435,82,warning,0.01
DDM,32436,82,warning,0.01
DDM,32437,82,warning,0.01
DDM,32438,82,warning,0.01
DDM,32439,82,warning,0.01
DDM,32440,82,warning,0.01
DDM,32441,82,warning,0.01
DDM,32442,82,warning,0.01
DDM,32443,82,warning,0.01
DDM,32444,82,warning,0.01
DDM,32445,82,warning,0.01
DDM,32446,82,warning,0.01
DDM,32447,82,warning,0.01
DDM,32448,82,warning,0.01
DDM,32449,82,warning,0.01
DDM,32450,82,warning,0.01
DDM,32451,82,warning,0.01
DDM,32452,82,warning,0.01
DDM,32453,82,warning,0.01
DDM,32454,82,warning,0.01
DDM,32455,82,warning,0.01
DDM,32456,82,warning,0.01
DDM,32457,82,warning,0.01
DDM,32458,82,warning,0.01
DDM,32459,82,warning,0.01
DDM,32460,82,warning,0.01
DDM,32461,82,warning,0.01
DDM,32462,82,warning,0.01
DDM,32463,82,warning,0.01
DDM,32464,82,warning,0.01
DDM,32465,82,warning,0.01
DDM,32466,82,warning,0.01
DDM,32467,82,warning,0.01
DDM,32468,82,warning,0.01
DDM,32469,82,warning,0.01
DDM,32470,82,warning,0.01
DDM,32471,82,warning,0.01
DDM,32472,82,warning,0.01
DDM,32473,82,warning,0.01
DDM,32474,82,warning,0.01
DDM,32475,82,warning,0.01
DDM,32476,82,warning,0.01
DDM,32477,82,warning,0.01
DDM,32478,82,warning,0.01
DDM,32479,82,warning,0.01
DDM,32480,82,warning,0.01
DDM,32481,82,warning,0.01
DDM,32482,82,warning,0.01
DDM,32483,82,warning,0.01
DDM,32484,82,warning,0.01
DDM,32485,82,warning,0.01
DDM,32486,82,warning,0.01
DDM,32487,82,warning,0.01
DDM,32488,82,warning,0.01
DDM,32489,82,warning,0.01
DDM,32490,82,warning,0.01
DDM,32491,82,warning,0.01
DDM,32492,82,warning,0.01
DDM,32493,82,warning,0.01
DDM,32494,82,warning,0.01
DDM,32495,82,warning,0.01
DDM,32496,82,warning,0.01
DDM,32497,82,warning,0.01
DDM,32498,82,warning,0.01
DDM,32499,82,warning,0.01
DDM,32500,82,warning,0.01
DDM,32501,82,warning,0.01
DDM,32502,82,warning,0.0
DDM,32503,82,warning,0.0
DDM,32504,82,warning,0.0
DDM,32505,82,warning,0.0
DDM,32506,82,warning,0.0
DDM,32507,82,warning,0.0
DDM,32508,82,warning,0.0
DDM,32509,82,warning,0.0
DDM,32510,82,warning,0.0
DDM,32511,82,warning,0.0
DDM,32512,82,warning,0.0
DDM,32513,82,warning,0.0
DDM,32514,82,warning,0.0
DDM,32515,82,warning,0.0
DDM,32516,82,warning,0.0
DDM,32517,82,warning,0.0
DDM,32518,82,warning,0.0
DDM,32519,82,warning,0.0
DDM,32520,82,warning,0.0
DDM,32521,82,warning,0.0
DDM,32522,82,warning,0.0
DDM,32523,82,warning,0.0
DDM,32524,82,warning,0.0
DDM,32525,82,warning,0.0
DDM,32526,82,warning,0.0
DDM,32527,82,warning,0.0
DDM,32528,82,warning,0.0
DDM,32529,82,warning,0.0
DDM,32530,82,warning,0.0
DDM,32531,82,warning,0.0
DDM,32532,82,warning,0.0
DDM,32533,82,warning,0.0
DDM,32534,82,warning,0.0
DDM,32535,82,warning,0.0
DDM,32536,82,warning,0.0
DDM,32537,82,warning,0.0
DDM,32538,82,warning,0.0
DDM,32539,82,warning,0.0
DDM,32540,82,warning,0.0
DDM,32541,82,warning,0.0
DDM,32542,82,warning,0.0
DDM,32543,82,warning,0.0
DDM,32544,82,warning,0.0
DDM,32545,82,warning,0.0
DDM,32546,82,warning,0.0
DDM,32547,82,warning,0.0
DDM,32548,82,warning,0.0
DDM,32549,82,warning,0.0
DDM,32550,82,warning,0.0
DDM,32551,82,warning,0.0
DDM,32552,82,warning,0.0
DDM,32553,82,warning,0.0
DDM,32554,82,warning,0.0
DDM,32555,82,warning,0.0
DDM,32556,82,warning,0.0
DDM,32557,82,warning,0.0
DDM,32558,82,warning,0.0
DDM,32559,82,warning,0.0
DDM,32560,82,warning,0.0
DDM,32561,82,warning,0.0
DDM,32562,82,warning,0.0
DDM,32563,82,warning,0.0
DDM,32564,82,warning,0.0
DDM,32565,82,warning,0.0
DDM,32566,82,warning,0.0
DDM,32567,82,warning,0.0
DDM,32568,82,warning,0.0
DDM,32569,82,warning,0.0
DDM,32570,82,warning,0.0
DDM,32571,82,warning,0.0
DDM,32572,82,warning,0.0
DDM,32573,82,warning,0.0
DDM,32574,82,warning,0.0
DDM,32575,82,warning,0.0
DDM,32576,82,warning,0.0
DDM,32615,82,warning,0.01
DDM,32616,82,warning,0.01
DDM,32617,82,warning,0.01
DDM,32618,82,warning,0.01
DDM,32619,82,warning,0.01
DDM,32620,82,warning,0.01
DDM,32621,82,warning,0.01
DDM,32622,82,warning,0.01
DDM,32623,82,warning,0.01
DDM,32624,82,warning,0.01
DDM,32625,82,warning,0.01
DDM,32626,82,warning,0.01
DDM,32627,82,warning,0.01
DDM,32628,82,warning,0.01
DDM,32629,82,warning,0.01
DDM,32630,82,warning,0.01
DDM,32631,82,warning,0.01
DDM,32632,82,warning,0.01
DDM,32633,82,warning,0.01
DDM,32634,82,warning,0.01
DDM,32635,82,warning,0.01
DDM,32636,82,warning,0.01
DDM,32637,82,warning,0.01
DDM,32638,82,warning,0.01
DDM,32639,82,warning,0.01
DDM,32656,82,warning,0.02
DDM,32657,82,warning,0.02
DDM,32658,82,warning,0.02
DDM,32659,82,warning,0.02
DDM,32660,82,warning,0.02
DDM,32661,82,warning,0.02
DDM,32662,82,warning,0.02
DDM,32663,82,warning,0.02
DDM,32664,82,warning,0.02
DDM,32665,82,warning,0.02
DDM,32666,82,warning,0.02
DDM,32667,82,warning,0.02
DDM,32668,82,warning,0.02
DDM,32669,82,warning,0.02
DDM,32670,82,warning,0.02
DDM,32671,82,warning,0.02
DDM,32672,82,warning,0.02
DDM,32673,82,warning,0.02
DDM,32674,82,warning,0.02
DDM,32675,82,warning,0.02
DDM,32676,82,warning,0.02
DDM,32677,82,warning,0.02
DDM,32678,82,warning,0.02
DDM,32679,82,warning,0.02
DDM,32680,82,warning,0.02
DDM,32681,82,warning,0.02
DDM,32682,82,warning,0.02
DDM,32683,82,warning,0.02
DDM,32684,82,warning,0.02
DDM,32685,82,warning,0.02
DDM,32686,82,warning,0.02
DDM,32687,82,warning,0.02
DDM,32688,82,warning,0.02
DDM,32689,82,warning,0.02
DDM,32690,82,warning,0.02
DDM,32691,82,warning,0.02
DDM,32692,82,warning,0.02
DDM,32693,82,warning,0.02
DDM,32694,82,warning,0.02
DDM,32695,82,warning,0.02
DDM,32696,82,warning,0.02
DDM,32697,82,warning,0.02
DDM,32698,82,warning,0.02
DDM,32699,82,warning,0.02
DDM,32700,82,warning,0.02
DDM,32701,82,warning,0.02
DDM,32731,82,warning,0.02
DDM,32732,82,warning,0.02
DDM,32733,82,warning,0.02
DDM,32734,82,warning,0.02
DDM,32735,82,warning,0.02
DDM,32736,82,warning,0.02
DDM,32737,82,warning,0.02
DDM,32738,82,warning,0.02
DDM,32739,82,warning,0.02
DDM,32740,82,warning,0.02
DDM,32741,82,warning,0.02
DDM,32742,82,warning,0.02
DDM,32743,82,warning,0.02
DDM,32744,82,warning,0.02
DDM,32745,82,warning,0.02
DDM,32746,82,warning,0.02
DDM,32747,82,warning,0.02
DDM,32748,82,warning,0.03
DDM,32749,82,warning,0.03
DDM,32750,82,warning,0.03
DDM,32751,82,warning,0.03
DDM,32752,82,warning,0.03
DDM,32753,82,warning,0.03
DDM,32754,82,warning,0.03
DDM,32755,82,warning,0.03
DDM,32756,82,warning,0.02
DDM,32757,82,warning,0.02
DDM,32758,82,warning,0.02
DDM,32759,82,warning,0.02
DDM,32760,82,warning,0.02
DDM,32761,82,warning,0.02
DDM,32762,82,warning,0.03
DDM,32763,82,warning,0.03
DDM,32764,82,warning,0.03
DDM,32765,82,warning,0.03
DDM,32766,82,warning,0.03
DDM,32767,82,warning,0.03
DDM,32768,82,warning,0.03
DDM,32769,82,warning,0.03
DDM,32770,82,warning,0.03
DDM,32771,82,warning,0.03
DDM,32772,82,warning,0.03
DDM,32773,82,warning,0.03
DDM,32774,82,warning,0.03
DDM,32775,82,warning,0.03
DDM,32776,82,warning,0.03
DDM,32777,82,warning,0.03
DDM,32778,82,warning,0.03
DDM,32779,82,warning,0.03
DDM,32780,82,warning,0.03
DDM,32781,82,warning,0.03
DDM,32782,82,warning,0.03
DDM,32783,82,warning,0.03
DDM,32784,82,warning,0.03
DDM,32785,82,warning,0.03
DDM,32786,82,warning,0.03
DDM,32787,82,warning,0.03
DDM,32788,82,warning,0.03
DDM,32789,82,warning,0.03
DDM,32790,82,warning,0.03
DDM,32791,82,warning,0.03
DDM,32792,82,warning,0.03
DDM,32793,82,warning,0.03
DDM,32794,82,warning,0.03
DDM,32795,82,warning,0.03
DDM,32796,82,warning,0.03
DDM,32797,82,warning,0.03
DDM,32798,82,warning,0.03
DDM,32799,82,warning,0.04
DDM,32800,82,warning,0.04
DDM,32801,83,warning,0.04
DDM,32802,83,warning,0.04
DDM,32803,83,warning,0.04
DDM,32804,83,warning,0.04
DDM,32805,83,warning,0.04
DDM,32806,83,warning,0.04
DDM,32807,83,warning,0.04
DDM,32808,83,warning,0.04
DDM,32809,83,warning,0.04
DDM,32810,83,warning,0.04
DDM,32811,83,warning,0.04
DDM,32812,83,warning,0.04
DDM,32813,83,warning,0.04
DDM,32814,83,warning,0.04
DDM,32815,83,warning,0.04
DDM,32816,83,warning,0.04
DDM,32817,83,warning,0.04
DDM,32818,83,warning,0.04
DDM,32819,83,warning,0.04
DDM,32820,83,warning,0.04
DDM,32821,83,warning,0.04
DDM,32822,83,warning,0.04
DDM,32823,83,warning,0.04
DDM,32824,83,warning,0.04
DDM,32825,83,warning,0.04
DDM,32826,83,warning,0.04
DDM,32827,83,warning,0.04
DDM,32828,83,warning,0.04
DDM,32829,83,warning,0.04
DDM,32830,83,warning,0.05
DDM,32831,83,warning,0.04
DDM,32832,83,warning,0.04
DDM,32833,83,warning,0.04
DDM,32834,83,warning,0.04
DDM,32835,83,warning,0.04
DDM,32836,83,warning,0.04
DDM,32837,83,warning,0.04
DDM,32838,83,warning,0.04
DDM,32839,83,warning,0.04
DDM,32840,83,warning,0.04
DDM,32841,83,warning,0.04
DDM,32842,83,warning,0.04
DDM,32843,83,warning,0.04
DDM,32844,83,warning,0.04
DDM,32845,83,warning,0.04
DDM,32846,83,warning,0.04
DDM,32847,83,warning,0.04
DDM,32848,83,warning,0.03
DDM,32849,83,warning,0.03
DDM,32850,83,warning,0.03
DDM,32851,83,warning,0.03
DDM,32852,83,warning,0.03
DDM,32853,83,warning,0.03
DDM,32854,83,warning,0.03
DDM,32855,83,warning,0.03
DDM,32856,83,warning,0.03
DDM,32857,83,warning,0.03
DDM,32858,83,warning,0.03
DDM,32859,83,warning,0.03
DDM,32860,83,warning,0.03
DDM,32861,83,warning,0.03
DDM,32862,83,warning,0.02
DDM,32863,83,warning,0.02
DDM,32864,83,warning,0.02
DDM,32865,83,warning,0.02
DDM,32866,83,warning,0.02
DDM,32867,83,warning,0.02
DDM,32868,83,warning,0.02
DDM,32869,83,warning,0.02
DDM,32870,83,warning,0.02
DDM,32871,83,warning,0.02
DDM,32872,83,warning,0.02
DDM,32873,83,warning,0.02
DDM,32874,83,warning,0.02
DDM,32875,83,warning,0.02
DDM,32876,83,warning,0.02
DDM,32877,83,warning,0.02
DDM,32878,83,warning,0.02
DDM,32879,83,warning,0.02
DDM,32880,83,warning,0.02
DDM,32881,83,warning,0.02
DDM,32882,83,warning,0.02
DDM,32883,83,warning,0.02
DDM,32884,83,warning,0.02
DDM,32885,83,warning,0.02
DDM,32886,83,warning,0.02
DDM,32887,83,warning,0.02
DDM,32888,83,warning,0.02
DDM,32889,83,warning,0.02
DDM,32890,83,warning,0.02
DDM,32891,83,warning,0.02
DDM,32892,83,warning,0.02
DDM,32893,83,warning,0.02
DDM,32894,83,warning,0.02
DDM,32895,83,warning,0.02
DDM,32896,83,warning,0.02
DDM,32897,83,warning,0.02
DDM,32898,83,warning,0.02
DDM,32899,83,warning,0.01
DDM,32900,83,warning,0.01
DDM,32901,83,warning,0.01
DDM,32902,83,warning,0.01
DDM,32903,83,warning,0.01
DDM,32904,83,warning,0.01
DDM,32905,83,warning,0.01
DDM,32906,83,warning,0.01
DDM,32907,83,warning,0.01
DDM,32908,83,warning,0.01
DDM,32909,83,warning,0.01
DDM,32910,83,warning,0.01
DDM,32911,83,warning,0.01
DDM,32912,83,warning,0.01
DDM,32913,83,warning,0.01
DDM,32914,83,warning,0.01
DDM,32915,83,warning,0.01
DDM,32916,83,warning,0.01
DDM,32917,83,warning,0.01
DDM,32918,83,warning,0.01
DDM,32919,83,warning,0.01
DDM,32920,83,warning,0.01
DDM,32921,83,warning,0.01
DDM,32922,83,warning,0.01
DDM,32923,83,warning,0.01
DDM,32924,83,warning,0.01
DDM,32925,83,warning,0.01
DDM,32926,83,warning,0.01
DDM,32927,83,warning,0.01
DDM,32928,83,warning,0.01
DDM,32929,83,warning,0.01
DDM,32930,83,warning,0.0
DDM,32931,83,warning,0.01
DDM,32932,83,warning,0.01
DDM,32933,83,warning,0.01
DDM,32934,83,warning,0.01
DDM,32935,83,warning,0.01
DDM,32936,83,warning,0.01
DDM,32937,83,warning,0.01
DDM,32938,83,warning,0.01
DDM,32939,83,warning,0.01
DDM,32940,83,warning,0.01
DDM,32941,83,warning,0.01
DDM,32942,83,warning,0.01
DDM,32943,83,warning,0.01
DDM,32944,83,warning,0.01
DDM,32945,83,warning,0.01
DDM,32946,83,warning,0.01
DDM,32947,83,warning,0.01
DDM,32948,83,warning,0.01
DDM,32949,83,warning,0.01
DDM,32950,83,warning,0.01
DDM,32951,83,warning,0.01
DDM,32952,83,warning,0.01
DDM,32953,83,warning,0.01
DDM,32954,83,warning,0.01
DDM,32955,83,warning,0.01
DDM,32956,83,warning,0.01
DDM,32957,83,warning,0.01
DDM,32958,83,warning,0.01
DDM,32959,83,warning,0.01
DDM,32960,83,warning,0.01
DDM,32961,83,warning,0.01
DDM,32962,83,warning,0.01
DDM,32963,83,warning,0.01
DDM,32964,83,warning,0.01
DDM,32965,83,warning,0.01
DDM,32966,83,warning,0.01
DDM,32967,83,warning,0.01
DDM,32968,83,warning,0.01
DDM,32969,83,warning,0.01
DDM,32970,83,warning,0.01
DDM,32971,83,warning,0.01
DDM,32972,83,warning,0.01
DDM,32973,83,warning,0.01
DDM,32974,83,warning,0.01
DDM,32975,83,warning,0.01
DDM,32976,83,warning,0.01
DDM,32977,83,warning,0.01
DDM,32978,83,warning,0.01
DDM,32979,83,warning,0.01
DDM,32980,83,warning,0.01
DDM,32981,83,warning,0.01
DDM,32982,83,warning,0.01
DDM,32983,83,warning,0.01
DDM,32984,83,warning,0.01
DDM,32985,83,warning,0.01
DDM,32986,83,warning,0.01
DDM,32987,83,warning,0.01
DDM,32988,83,warning,0.01
DDM,32989,83,warning,0.01
DDM,32990,83,warning,0.01
DDM,32991,83,warning,0.01
DDM,32992,83,warning,0.01
DDM,32993,83,warning,0.01
DDM,32994,83,warning,0.01
DDM,32995,83,warning,0.01
DDM,32996,83,warning,0.01
DDM,32997,83,warning,0.01
DDM,32998,83,warning,0.01
DDM,32999,83,warning,0.01
DDM,33000,83,warning,0.01
DDM,33001,83,warning,0.01
DDM,33002,83,warning,0.01
DDM,33003,83,warning,0.01
DDM,33004,83,warning,0.01
DDM,33005,83,warning,0.01
DDM,33006,83,warning,0.01
DDM,33007,83,warning,0.01
DDM,33008,83,warning,0.01
DDM,33009,83,warning,0.01
DDM,33010,83,warning,0.01
DDM,33011,83,warning,0.01
DDM,33012,83,warning,0.01
DDM,33013,83,warning,0.02
DDM,33014,83,warning,0.02
DDM,33015,83,warning,0.02
DDM,33016,83,warning,0.02
DDM,33017,83,warning,0.02
DDM,33018,83,warning,0.02
DDM,33019,83,warning,0.02
DDM,33020,83,warning,0.02
DDM,33021,83,warning,0.02
DDM,33022,83,warning,0.02
DDM,33023,83,warning,0.02
DDM,33024,83,warning,0.02
DDM,33025,83,warning,0.02
DDM,33026,83,warning,0.02
DDM,33027,83,warning,0.02
DDM,33028,83,warning,0.02
DDM,33029,83,warning,0.02
DDM,33030,83,warning,0.02
DDM,33031,83,warning,0.01
DDM,33032,83,warning,0.01
DDM,33033,83,warning,0.01
DDM,33034,83,warning,0.01
DDM,33035,83,warning,0.01
DDM,33036,83,warning,0.01
DDM,33037,83,warning,0.01
DDM,33038,83,warning,0.01
DDM,33039,83,warning,0.01
DDM,33040,83,warning,0.01
DDM,33041,83,warning,0.01
DDM,33042,83,warning,0.01
DDM,33043,83,warning,0.01
DDM,33044,83,warning,0.01
DDM,33045,83,warning,0.01
DDM,33046,83,warning,0.01
DDM,33047,83,warning,0.01
DDM,33048,83,warning,0.01
DDM,33049,83,warning,0.01
DDM,33050,83,warning,0.01
DDM,33051,83,warning,0.01
DDM,33052,83,warning,0.01
DDM,33053,83,warning,0.01
DDM,33054,83,warning,0.01
DDM,33055,83,warning,0.01
DDM,33056,83,warning,0.01
DDM,33057,83,warning,0.01
DDM,33058,83,warning,0.01
DDM,33059,83,warning,0.01
DDM,33060,83,warning,0.01
DDM,33061,83,warning,0.01
DDM,33062,83,warning,0.01
DDM,33063,83,warning,0.01
DDM,33064,83,warning,0.01
DDM,33065,83,warning,0.01
DDM,33066,83,warning,0.01
DDM,33067,83,warning,0.01
DDM,33068,83,warning,0.01
DDM,33069,83,warning,0.01
DDM,33070,83,warning,0.01
DDM,33071,83,warning,0.01
DDM,33072,83,warning,0.01
DDM,33073,83,warning,0.01
DDM,33074,83,warning,0.01
DDM,33075,83,warning,0.01
DDM,33076,83,warning,0.01
DDM,33077,83,warning,0.01
DDM,33078,83,warning,0.01
DDM,33079,83,warning,0.01
DDM,33080,83,warning,0.01
DDM,33081,83,warning,0.01
DDM,33082,83,warning,0.01
DDM,33083,83,warning,0.01
DDM,33084,83,warning,0.01
DDM,33085,83,warning,0.01
DDM,33086,83,warning,0.01
DDM,33087,83,warning,0.01
DDM,33088,83,warning,0.01
DDM,33089,83,warning,0.01
DDM,33090,83,warning,0.01
DDM,33091,83,warning,0.01
DDM,33092,83,warning,0.01
DDM,33093,83,warning,0.01
DDM,33094,83,warning,0.01
DDM,33095,83,warning,0.01
DDM,33096,83,warning,0.01
DDM,33097,83,warning,0.01
DDM,33098,83,warning,0.01
DDM,33099,83,warning,0.01
DDM,33100,83,warning,0.01
DDM,33101,83,warning,0.01
DDM,33102,83,warning,0.01
DDM,33103,83,warning,0.01
DDM,33104,83,warning,0.01
DDM,33105,83,warning,0.01
DDM,33106,83,warning,0.01
DDM,33107,83,warning,0.01
DDM,33108,83,warning,0.01
DDM,33109,83,warning,0.01
DDM,33110,83,warning,0.01
DDM,33111,83,warning,0.01
DDM,33112,83,warning,0.01
DDM,33113,83,warning,0.0
DDM,33114,83,warning,0.0
DDM,33115,83,warning,0.0
DDM,33116,83,warning,0.0
DDM,33117,83,warning,0.0
DDM,33118,83,warning,0.0
DDM,33119,83,warning,0.0
DDM,33120,83,warning,0.0
DDM,33121,83,warning,0.0
DDM,33122,83,warning,0.0
DDM,33123,83,warning,0.0
DDM,33124,83,warning,0.01
DDM,33125,83,warning,0.01
DDM,33126,83,warning,0.01
DDM,33127,83,warning,0.01
DDM,33128,83,warning,0.01
DDM,33129,83,warning,0.01
DDM,33130,83,warning,0.01
DDM,33131,83,warning,0.01
DDM,33132,83,warning,0.01
DDM,33133,83,warning,0.01
DDM,33134,83,warning,0.01
DDM,33135,83,warning,0.01
DDM,33136,83,warning,0.01
DDM,33137,83,warning,0.01
DDM,33138,83,warning,0.01
DDM,33139,83,warning,0.01
DDM,33140,83,warning,0.01
DDM,33141,83,warning,0.01
DDM,33142,83,warning,0.01
DDM,33143,83,warning,0.01
DDM,33144,83,warning,0.01
DDM,33145,83,warning,0.01
DDM,33146,83,warning,0.01
DDM,33147,83,warning,0.01
DDM,33148,83,warning,0.01
DDM,33149,83,warning,0.02
DDM,33150,83,warning,0.02
DDM,33151,83,warning,0.02
DDM,33152,83,warning,0.02
DDM,33153,83,warning,0.02
DDM,33154,83,warning,0.02
DDM,33155,83,warning,0.02
DDM,33156,83,warning,0.02
DDM,33157,83,warning,0.02
DDM,33158,83,warning,0.02
DDM,33159,83,warning,0.02
DDM,33160,83,warning,0.02
DDM,33161,83,warning,0.02
DDM,33162,83,warning,0.02
DDM,33163,83,warning,0.02
DDM,33164,83,warning,0.02
DDM,33165,83,warning,0.02
DDM,33166,83,warning,0.02
DDM,33167,83,warning,0.02
DDM,33168,83,warning,0.02
DDM,33169,83,warning,0.02
DDM,33170,83,warning,0.02
DDM,33171,83,warning,0.02
DDM,33172,83,warning,0.02
DDM,33173,83,warning,0.02
DDM,33174,83,warning,0.02
DDM,33175,83,warning,0.02
DDM,33176,83,warning,0.02
DDM,33177,83,warning,0.02
DDM,33178,83,warning,0.02
DDM,33179,83,warning,0.02
DDM,33180,83,warning,0.02
DDM,33181,83,warning,0.02
DDM,33182,83,warning,0.02
DDM,33183,83,warning,0.02
DDM,33184,83,warning,0.02
DDM,33185,83,warning,0.02
DDM,33186,83,warning,0.02
DDM,33187,83,warning,0.02
DDM,33188,83,warning,0.02
DDM,33189,83,warning,0.02
DDM,33190,83,warning,0.02
DDM,33191,83,warning,0.02
DDM,33192,83,warning,0.03
DDM,33193,83,warning,0.03
DDM,33194,83,warning,0.03
DDM,33195,83,warning,0.03
DDM,33196,83,warning,0.03
DDM,33197,83,warning,0.03
DDM,33198,83,warning,0.03
DDM,33199,83,warning,0.03
DDM,33200,83,warning,0.03
DDM,33201,84,warning,0.03
DDM,33202,84,warning,0.03
DDM,33203,84,warning,0.03
DDM,33204,84,warning,0.03
DDM,33205,84,warning,0.03
DDM,33206,84,warning,0.03
DDM,33207,84,warning,0.03
DDM,33208,84,warning,0.03
DDM,33209,84,warning,0.03
DDM,33210,84,warning,0.03
DDM,33211,84,warning,0.03
DDM,33212,84,warning,0.03
DDM,33213,84,warning,0.03
DDM,33214,84,warning,0.03
DDM,33215,84,warning,0.03
DDM,33216,84,warning,0.03
DDM,33217,84,warning,0.03
DDM,33218,84,warning,0.03
DDM,33219,84,warning,0.03
DDM,33220,84,warning,0.03
DDM,33221,84,warning,0.03
DDM,33222,84,warning,0.03
DDM,33223,84,warning,0.03
DDM,33224,84,warning,0.02
DDM,33225,84,warning,0.02
DDM,33226,84,warning,0.02
DDM,33227,84,warning,0.02
DDM,33228,84,warning,0.02
DDM,33229,84,warning,0.02
DDM,33230,84,warning,0.02
DDM,33231,84,warning,0.02
DDM,33232,84,warning,0.02
DDM,33233,84,warning,0.02
DDM,33234,84,warning,0.02
DDM,33235,84,warning,0.02
DDM,33236,84,warning,0.02
DDM,33237,84,warning,0.02
DDM,33238,84,warning,0.02
DDM,33239,84,warning,0.02
DDM,33240,84,warning,0.02
DDM,33241,84,warning,0.02
DDM,33242,84,warning,0.02
DDM,33243,84,warning,0.02
DDM,33244,84,warning,0.02
DDM,33245,84,warning,0.02
DDM,33246,84,warning,0.02
DDM,33247,84,warning,0.02
DDM,33248,84,warning,0.02
DDM,33249,84,warning,0.01
DDM,33250,84,warning,0.01
DDM,33251,84,warning,0.01
DDM,33252,84,warning,0.01
DDM,33253,84,warning,0.01
DDM,33254,84,warning,0.01
DDM,33255,84,warning,0.01
DDM,33256,84,warning,0.01
DDM,33257,84,warning,0.01
DDM,33258,84,warning,0.01
DDM,33259,84,warning,0.01
DDM,33260,84,warning,0.01
DDM,33261,84,warning,0.01
DDM,33262,84,warning,0.01
DDM,33263,84,warning,0.01
DDM,33264,84,warning,0.01
DDM,33265,84,warning,0.01
DDM,33266,84,warning,0.01
DDM,33267,84,warning,0.01
DDM,33268,84,warning,0.01
DDM,33269,84,warning,0.01
DDM,33270,84,warning,0.01
DDM,33271,84,warning,0.01
DDM,33272,84,warning,0.01
DDM,33273,84,warning,0.01
DDM,33274,84,warning,0.01
DDM,33275,84,warning,0.01
DDM,33276,84,warning,0.01
DDM,33277,84,warning,0.01
DDM,33278,84,warning,0.01
DDM,33279,84,warning,0.01
DDM,33280,84,warning,0.01
DDM,33281,84,warning,0.01
DDM,33282,84,warning,0.01
DDM,33283,84,warning,0.01
DDM,33284,84,warning,0.01
DDM,33285,84,warning,0.01
DDM,33286,84,warning,0.01
DDM,33287,84,warning,0.01
DDM,33288,84,warning,0.01
DDM,33289,84,warning,0.01
DDM,33290,84,warning,0.01
DDM,33291,84,warning,0.01
DDM,33292,84,warning,0.0
DDM,33293,84,warning,0.0
DDM,33294,84,warning,0.0
DDM,33295,84,warning,0.0
DDM,33296,84,warning,0.0
DDM,33297,84,warning,0.0
DDM,33298,84,warning,0.0
DDM,33299,84,warning,0.0
DDM,33300,84,warning,0.0
DDM,33301,84,warning,0.0
DDM,33302,84,warning,0.0
DDM,33303,84,warning,0.0
DDM,33304,84,warning,0.0
DDM,33305,84,warning,0.0
DDM,33306,84,warning,0.0
DDM,33307,84,warning,0.0
DDM,33308,84,warning,0.0
DDM,33309,84,warning,0.0
DDM,33310,84,warning,0.0
DDM,33311,84,warning,0.0
DDM,33312,84,warning,0.0
DDM,33313,84,warning,0.0
DDM,33314,84,warning,0.0
DDM,33315,84,warning,0.0
DDM,33316,84,warning,0.0
DDM,33317,84,warning,0.0
DDM,33318,84,warning,0.0
DDM,33319,84,warning,0.0
DDM,33346,84,warning,0.01
DDM,33347,84,warning,0.02
DDM,33348,84,warning,0.02
DDM,33349,84,warning,0.02
DDM,33350,84,warning,0.02
DDM,33351,84,warning,0.02
DDM,33352,84,warning,0.02
DDM,33353,84,warning,0.02
DDM,33354,84,warning,0.02
DDM,33355,84,warning,0.02
DDM,33356,84,warning,0.02
DDM,33357,84,warning,0.02
DDM,33358,84,warning,0.02
DDM,33359,84,warning,0.02
DDM,33360,84,warning,0.02
DDM,33361,84,warning,0.02
DDM,33362,84,warning,0.02
DDM,33363,84,warning,0.02
DDM,33364,84,warning,0.02
DDM,33365,84,warning,0.02
DDM,33366,84,warning,0.02
DDM,33367,84,warning,0.02
DDM,33368,84,warning,0.02
DDM,33369,84,warning,0.02
DDM,33370,84,warning,0.02
DDM,33371,84,warning,0.02
DDM,33372,84,warning,0.02
DDM,33373,84,warning,0.02
DDM,33374,84,warning,0.02
DDM,33375,84,warning,0.02
DDM,33376,84,warning,0.02
DDM,33377,84,warning,0.02
DDM,33378,84,warning,0.02
DDM,33379,84,warning,0.02
DDM,33380,84,warning,0.02
DDM,33381,84,warning,0.03
DDM,33382,84,warning,0.03
DDM,33383,84,warning,0.03
DDM,33384,84,warning,0.03
DDM,33385,84,warning,0.03
DDM,33386,84,warning,0.03
DDM,33387,84,warning,0.04
DDM,33388,84,warning,0.04
DDM,33389,84,warning,0.04
DDM,33390,84,warning,0.04
DDM,33391,84,warning,0.04
DDM,33392,84,warning,0.04
DDM,33393,84,warning,0.04
DDM,33394,84,warning,0.04
DDM,33395,84,warning,0.04
DDM,33396,84,warning,0.04
DDM,33397,84,warning,0.04
DDM,33398,84,warning,0.04
DDM,33399,84,warning,0.04
DDM,33400,84,warning,0.04
DDM,33401,84,warning,0.04
DDM,33402,84,warning,0.04
DDM,33403,84,warning,0.04
DDM,33404,84,warning,0.04
DDM,33405,84,warning,0.04
DDM,33406,84,warning,0.04
DDM,33407,84,warning,0.04
DDM,33408,84,warning,0.04
DDM,33409,84,warning,0.04
DDM,33410,84,warning,0.04
DDM,33411,84,warning,0.04
DDM,33412,84,warning,0.04
DDM,33413,84,warning,0.04
DDM,33414,84,warning,0.04
DDM,33415,84,warning,0.04
DDM,33416,84,warning,0.04
DDM,33417,84,warning,0.04
DDM,33418,84,warning,0.04
DDM,33419,84,warning,0.04
DDM,33420,84,warning,0.04
DDM,33421,84,warning,0.04
DDM,33422,84,warning,0.04
DDM,33423,84,warning,0.04
DDM,33424,84,warning,0.04
DDM,33425,84,warning,0.04
DDM,33426,84,warning,0.04
DDM,33427,84,warning,0.04
DDM,33428,84,warning,0.04
DDM,33429,84,warning,0.04
DDM,33430,84,warning,0.04
DDM,33431,84,warning,0.04
DDM,33432,84,warning,0.04
DDM,33433,84,warning,0.04
DDM,33434,84,warning,0.04
DDM,33435,84,warning,0.04
DDM,33436,84,warning,0.04
DDM,33437,84,warning,0.04
DDM,33438,84,warning,0.04
DDM,33439,84,warning,0.04
DDM,33440,84,warning,0.04
DDM,33441,84,warning,0.04
DDM,33442,84,warning,0.04
DDM,33443,84,warning,0.04
DDM,33444,84,warning,0.04
DDM,33445,84,warning,0.04
DDM,33446,84,warning,0.03
DDM,33447,84,warning,0.02
DDM,33448,84,warning,0.02
DDM,33449,84,warning,0.02
DDM,33450,84,warning,0.02
DDM,33451,84,warning,0.02
DDM,33452,84,warning,0.02
DDM,33453,84,warning,0.02
DDM,33454,84,warning,0.02
DDM,33455,84,warning,0.02
DDM,33456,84,warning,0.02
DDM,33457,84,warning,0.02
DDM,33458,84,warning,0.02
DDM,33459,84,warning,0.02
DDM,33460,84,warning,0.02
DDM,33461,84,warning,0.02
DDM,33462,84,warning,0.02
DDM,33463,84,warning,0.02
DDM,33464,84,warning,0.02
DDM,33465,84,warning,0.02
DDM,33466,84,warning,0.02
DDM,33467,84,warning,0.02
DDM,33468,84,warning,0.02
DDM,33469,84,warning,0.02
DDM,33470,84,warning,0.02
DDM,33471,84,warning,0.02
DDM,33472,84,warning,0.02
DDM,33473,84,warning,0.02
DDM,33474,84,warning,0.02
DDM,33475,84,warning,0.02
DDM,33476,84,warning,0.02
DDM,33477,84,warning,0.02
DDM,33478,84,warning,0.02
DDM,33479,84,warning,0.02
DDM,33480,84,warning,0.02
DDM,33481,84,warning,0.01
DDM,33482,84,warning,0.01
DDM,33483,84,warning,0.01
DDM,33484,84,warning,0.01
DDM,33485,84,warning,0.01
DDM,33486,84,warning,0.01
DDM,33487,84,warning,0.0
DDM,33488,84,warning,0.0
DDM,33489,84,warning,0.0
DDM,33490,84,warning,0.0
DDM,33491,84,warning,0.0
DDM,33492,84,warning,0.0
DDM,33493,84,warning,0.0
DDM,33494,84,warning,0.0
DDM,33495,84,warning,0.0
DDM,33496,84,warning,0.0
DDM,33497,84,warning,0.0
DDM,33498,84,warning,0.0
DDM,33499,84,warning,0.0
DDM,33500,84,warning,0.0
DDM,33501,84,warning,0.0
DDM,33502,84,warning,0.0
DDM,33503,84,warning,0.0
DDM,33504,84,warning,0.0
DDM,33505,84,warning,0.0
DDM,33506,84,warning,0.0
DDM,33507,84,warning,0.0
DDM,33508,84,warning,0.0
DDM,33509,84,warning,0.0
DDM,33510,84,warning,0.0
DDM,33511,84,warning,0.0
DDM,33512,84,warning,0.0
DDM,33513,84,warning,0.0
DDM,33514,84,warning,0.0
DDM,33515,84,warning,0.0
DDM,33516,84,warning,0.0
DDM,33517,84,warning,0.0
DDM,33518,84,warning,0.0
DDM,33519,84,warning,0.0
DDM,33520,84,warning,0.0
DDM,33521,84,warning,0.0
DDM,33522,84,warning,0.0
DDM,33523,84,warning,0.0
DDM,33524,84,warning,0.0
DDM,33525,84,warning,0.0
DDM,33526,84,warning,0.0
DDM,33527,84,warning,0.0
DDM,33528,84,warning,0.0
DDM,33529,84,warning,0.0
DDM,33530,84,warning,0.0
DDM,33531,84,warning,0.0
DDM,33532,84,warning,0.0
DDM,33533,84,warning,0.0
DDM,33534,84,warning,0.0
DDM,33535,84,warning,0.0
DDM,33536,84,warning,0.0
DDM,33537,84,warning,0.0
DDM,33538,84,warning,0.0
DDM,33539,84,warning,0.0
DDM,33540,84,warning,0.0
DDM,33541,84,warning,0.0
DDM,33542,84,warning,0.0
DDM,33543,84,warning,0.0
DDM,33544,84,warning,0.0
DDM,33545,84,warning,0.0
DDM,33546,84,warning,0.0
DDM,33547,84,warning,0.0
DDM,33548,84,warning,0.0
DDM,33549,84,warning,0.0
DDM,33550,84,warning,0.0
DDM,33551,84,warning,0.0
DDM,33552,84,warning,0.0
DDM,33553,84,warning,0.0
DDM,33554,84,warning,0.0
DDM,33555,84,warning,0.0
DDM,33556,84,warning,0.0
DDM,33557,84,warning,0.0
DDM,33558,84,warning,0.0
DDM,33559,84,warning,0.0
DDM,33560,84,warning,0.0
DDM,33561,84,warning,0.0
DDM,33562,84,warning,0.0
DDM,33563,84,warning,0.0
DDM,33564,84,warning,0.0
